word,source
عايزة,show
احط,add
عنوان,address
الفاتورة,invoice
عايزة,show
اغير,change
عنوان,address
البيت,address
اغير,change
عنواني,address
منيو,Menu
شوف,show
البيتزا,ItemName
تابعلي,show
الاوردر,order
احذف,delete
العنوان,address
احدد,add
اللغة,Language
الاسبانية,Language
احذف,delete
عنواني,address
غير,change
رقم,phone_number
الجوال,phone_number
اعدل,edit
عنواني,address
احدث,update_data
البيانات,update_data
وريني,show
المنيو,Menu
اشوف,show
اوردراتي,order
قبل,previous
تعرضلي,show
قائمة,Menu
الطعام,Menu
عطيني,show
الكارت,card
3,item_number
مع,add
سلطة,ItemName
تشيكن,ItemName
سيزر,ItemName
رقم,phone_number
5,item_number
الفاتورة,invoice
الحجم,itemSize
الكبير,itemSize
واحد,item_number
كفته,Exclude
كبير,itemSize
بدون,Exclude
طحينه,ingredients
اعرضلي,show
الطلبات,order
الغاء,cancel
العنوان,address
ايه,late
اغير,change
اللغة,Language
الغي,cancel
عنواني,address
اوردر,order
بيتزا,ItemName
سوبر,ItemName
سوبريم,ItemName
ستافد,ItemName
كراست,ItemName
غير,change
بصل,Exclude
اشوف,show
حسابى,invoice
كام,invoice
دلوقتى,late
غير,change
رقم,phone_number
الجوال,phone_number
الاوردر,order
مجاش,late
لحد,late
دلوقتي,late
تبديل,edit
لغة,Language
احذف,delete
العنوان,address
تضيفلي,add
الهابي,ItemName
ميل,ItemName
الله,Gbu
يسلم,Gbu
عايزة,show
اشوف,show
طلباتي,order
السابقة,previous
منيو,Menu
الاطباق,Menu
سبكترا,location
عايزة,show
قائمة,Menu
تغيير,change
البيانات,update_data
اتنين,item_number
جلابينو,ItemName
ساندوتش,ItemName
كبير,itemSize
عايزة,show
اغير,change
لغة,Language
الانجليزية,Language
الغي,cancel
عنواني,address
فرجيكن,show
العنوان,address
عايزة,show
اعرف,show
الاوردر,order
فاضله,late
اد,late
ايه,late
تغيرلي,change
رقم,phone_number
الموبايل,phone_number
عايزة,show
امسح,delete
عنوان,address
البيت,address
امسح,delete
العنوان,address
اضيف,add
عنوان,address
ايه,late
الاوردر,order
موصلش,late
لحد,late
دلوقتى,late
اطلبها,Menu
صغيرة,itemSize
غير,change
اللغة,Language
اعرف,show
مع,add
بلو,ItemName
غير,change
اشوف,show
الاوردر,order
الطلبات,order
تغير,change
رقم,phone_number
موبايلي,phone_number
01552687474,phone_number
عايزة,show
الاوردرات,order
القديمة,previous
غير,change
لغة,Language
قديش,show
وقت,late
اشوف,show
تفرجيني,show
القائمة,Menu
هضيف,order
الاوردرات,order
طلبتها,order
قبل,previous
عايزة,show
3,item_number
بيتزا,ItemName
عايزة,show
وريني,show
الاوردر,order
شيل,edit
العنوان,address
هاخد,show
2,item_number
كوردن,ItemName
بلو,ItemName
الاوردر,order
الاوردر,order
لحد,late
كبيرة,itemSize
تغيرلي,change
اللغة,Language
تطلعنى,show
الاوردر,order
رقم,phone_number
8896,number
ماوصل,late
للحين,late
تفرجيني,show
قائمة,Menu
الطعام,Menu
تبعتلي,show
قائمة,Menu
السندوتشات,ItemName
بطا,late
الاوردر,order
القاء,show
نظره,show
الاشياء,order
طلبتها,order
اروح,show
القائمة,Menu
حدثلى,update_data
رقم,phone_number
هاتفى,phone_number
للرقم,phone_number
015248575,phone_number
حذف,delete
للرقم,phone_number
45454444,number
هضيف,order
رقم,phone_number
عايزة,show
اعرف,show
اسجل,update_data
بياناتي,update_data
القائمة,Menu
السابقة,previous
اغير,change
عنواني,address
الفاتورة,invoice
طلبتها,order
اللغة,Language
الغي,cancel
اوردر,order
عايزة,show
3,item_number
تبعتلي,show
عايزة,show
اغير,change
لغة,Language
المنيو,Menu
عايزة,show
اشوف,show
الطلبات,order
السابقة,previous
مع,add
تعرضلي,show
اضيف,add
رقم,phone_number
قديش,show
وقت,late
مع,add
اغير,change
قائمة,Menu
الطعام,Menu
تغيير,change
عنوان,address
البيت,address
اعرف,show
اسجل,update_data
عنوان,address
البيت,address
الطلبات,order
طلبتها,order
القائمة,Menu
الفاتورة,invoice
عنواني,address
تفرجيني,show
قائمة,Menu
الطلبات,order
السابقة,previous
مع,add
رقم,phone_number
للرقم,phone_number
صغيرة,itemSize
شوف,show
الطلبات,order
السابقة,previous
كام,invoice
شوف,show
ايه,late
القائمة,Menu
ساندوتش,ItemName
ساندوتش,ItemName
كبير,itemSize
2,item_number
بيتزا,ItemName
كبيرة,itemSize
بدون,Exclude
اشوف,show
الاوردر,order
العنوان,address
ساندوتش,ItemName
العنوان,address
تغيير,change
البيانات,update_data
اعرف,show
الاوردر,order
ايه,late
الحجم,itemSize
عنواني,address
3,item_number
ايه,late
عطيني,show
قائمة,Menu
الاوردر,order
اشوف,show
منيو,Menu
عايزة,show
اشوف,show
الطلبات,order
اللغة,Language
تفرجيني,show
القائمة,Menu
5,item_number
كبير,itemSize
بدون,Exclude
شوف,show
المنيو,Menu
اضيف,add
رقم,phone_number
عايزة,show
اغير,change
عطيني,show
قائمة,Menu
الطلبات,order
طلبتها,order
الغي,cancel
عنواني,address
امسح,delete
العنوان,address
تشيكن,ItemName
كبير,itemSize
سلطة,ItemName
كبير,itemSize
بصل,Exclude
الانجليزية,Language
احذف,delete
العنوان,address
الاوردر,order
الاوردر,order
عايزة,show
اعدل,edit
عنوان,address
مع,add
احذف,delete
اعرف,show
اسجل,update_data
بياناتي,update_data
منيو,Menu
الفاتورة,invoice
ايه,late
شوف,show
الطلبات,order
ايه,late
العنوان,address
اللغة,Language
الغي,cancel
تفرجيني,show
المنيو,Menu
عايزة,show
الاوردر,order
دلوقتي,late
اغير,change
عنوان,address
اغير,change
العنوان,address
اغير,change
ايه,late
3,item_number
الهابي,ItemName
ميل,ItemName
شوف,show
منيو,Menu
الطلبات,order
رقم,phone_number
الموبايل,phone_number
اشوف,show
منيو,Menu
الغي,cancel
شوف,show
الكارت,card
3,item_number
كوردن,ItemName
بلو,ItemName
تغيرلي,change
اللغة,Language
اغير,change
رقم,phone_number
عايزة,show
اضيف,add
عنوان,address
احدد,add
عنوان,address
البيت,address
غير,change
رقم,phone_number
الموبايل,phone_number
الاوردر,order
دلوقتي,late
الاوردرات,order
القديمة,previous
منيو,Menu
احذف,delete
رقم,phone_number
الموبايل,phone_number
القائمة,Menu
اغير,change
رقم,phone_number
العنوان,address
اضيف,add
3,item_number
بيتزا,ItemName
الحجم,itemSize
احذف,delete
العنوان,address
اشوف,show
منيو,Menu
بيتزا,ItemName
الهابي,ItemName
ميل,ItemName
طلباتي,order
الغي,cancel
اروح,show
القائمة,Menu
الفاتورة,invoice
قائمة,Menu
تغيير,change
البيانات,update_data
تغيير,change
الجوال,phone_number
المنيو,Menu
الاوردر,order
3,item_number
بيتزا,ItemName
مع,add
كبير,itemSize
2,item_number
ساندوتش,ItemName
كبير,itemSize
مع,add
3,item_number
تبعتلي,show
منيو,Menu
الاوردر,order
العنوان,address
اغير,change
لغة,Language
الانجليزية,Language
بصل,Exclude
الاوردر,order
عايزة,show
عنوان,address
الاوردر,order
لحد,late
عايزة,show
المنيو,Menu
عايزة,show
الحجم,itemSize
الكبير,itemSize
اشوف,show
منيو,Menu
غير,change
اللغة,Language
الطلبات,order
شوف,show
منيو,Menu
وقت,late
ايه,late
قبل,previous
رقم,phone_number
هاتفى,phone_number
للرقم,phone_number
تبعتلي,show
المنيو,Menu
قبل,previous
الغي,cancel
الانجليزية,Language
اضيف,add
عنواني,address
منيو,Menu
الاوردر,order
رقم,phone_number
الموبايل,phone_number
رقم,phone_number
الاوردرات,order
طلبتها,order
قبل,previous
الطلبات,order
اعرف,show
الاوردر,order
رقم,phone_number
موصلش,late
الاوردرات,order
السابقة,previous
شوف,show
منيو,Menu
اشوف,show
الاوردر,order
الفاتورة,invoice
كام,invoice
عايزة,show
عنوان,address
البيت,address
القائمة,Menu
كبيرة,itemSize
عايزة,show
اشوف,show
الطلبات,order
العنوان,address
وريني,show
الاوردرات,order
طلبتها,order
قبل,previous
3,item_number
بيتزا,ItemName
مع,add
لحد,late
رقم,phone_number
شوف,show
منيو,Menu
الاوردر,order
2,item_number
ساندوتش,ItemName
الطلبات,order
عايزة,show
اشوف,show
الطلبات,order
شوف,show
قائمة,Menu
السندوتشات,ItemName
غير,change
بصل,Exclude
3,item_number
تغيير,change
البيانات,update_data
اشوف,show
منيو,Menu
العنوان,address
اشوف,show
الاوردر,order
شوف,show
الاوردرات,order
السابقة,previous
اضيف,add
عنواني,address
اعدل,edit
العنوان,address
وريني,show
الاوردرات,order
السابقة,previous
تفرجيني,show
القائمة,Menu
اشوف,show
الاشياء,order
طلبتها,order
اعرف,show
عايزة,show
3,item_number
بيتزا,ItemName
غير,change
امسح,delete
عايزة,show
اغير,change
لغة,Language
عايزة,show
شيل,edit
العنوان,address
الاوردر,order
رقم,phone_number
موصلش,late
ايه,late
الاوردر,order
مع,add
عنوان,address
البيت,address
شوف,show
الطلبات,order
السابقة,previous
قبل,previous
مع,add
ايه,late
الاوردر,order
كبير,itemSize
غير,change
العنوان,address
عنواني,address
2,item_number
عنوان,address
البيت,address
اوردر,order
تفرجيني,show
الطلبات,order
الاوردر,order
عطيني,show
2,item_number
ساندوتش,ItemName
مع,add
العنوان,address
مع,add
اغير,change
عنوان,address
البيت,address
2,item_number
القديمة,previous
ايه,late
تغيير,change
البيانات,update_data
ساندوتش,ItemName
الاوردر,order
الاوردر,order
ساندوتش,ItemName
مع,add
وقت,late
الاوردر,order
اشوف,show
قبل,previous
اشوف,show
منيو,Menu
البيتزا,ItemName
الاوردر,order
موصلش,late
بيتزا,ItemName
الاوردر,order
تفرجيني,show
الكارت,card
شوف,show
اغير,change
مع,add
الطلبات,order
اضيف,add
عنوان,address
3,item_number
الحجم,itemSize
الكبير,itemSize
اشوف,show
الطلبات,order
مع,add
نظره,show
رقم,phone_number
عايزة,show
اعرف,show
كام,invoice
تعرضلي,show
منيو,Menu
اسجل,update_data
عنوان,address
عنواني,address
مع,add
2,item_number
الغي,cancel
العنوان,address
غير,change
كبير,itemSize
عايزة,show
عايزة,show
واحد,item_number
تعرضلي,show
الاوردر,order
اضيف,add
رقم,phone_number
مع,add
عايزة,show
اوردر,order
3,item_number
تبعتلي,show
منيو,Menu
وقت,late
ايه,late
الاوردر,order
اد,late
ايه,late
اعرضلي,show
المنيو,Menu
اعرضلي,show
قبل,previous
احدث,update_data
العنوان,address
الاوردر,order
العنوان,address
2,item_number
بيتزا,ItemName
كبير,itemSize
بصل,Exclude
قبل,previous
اضيف,add
عنوان,address
الاوردر,order
عايزة,show
اروح,show
القائمة,Menu
القائمة,Menu
الاوردر,order
اشوف,show
الطلبات,order
منيو,Menu
سلطة,ItemName
احذف,delete
عنوان,address
ميل,ItemName
تبعتلي,show
الاوردرات,order
القديمة,previous
عنواني,address
اضيف,add
رقم,phone_number
كبير,itemSize
صغيرة,itemSize
الاوردر,order
رقم,phone_number
مجاش,late
لحد,late
دلوقتى,late
رقم,phone_number
تفرجيني,show
طلبتها,order
عنوان,address
البيت,address
2,item_number
العنوان,address
اشوف,show
الاوردر,order
ايه,late
تعرضلي,show
عطيني,show
الطلبات,order
اعدل,edit
رقم,phone_number
غير,change
اللغة,Language
الانجليزية,Language
تبعتلي,show
الاوردر,order
3,item_number
بيتزا,ItemName
كبير,itemSize
غير,change
رقم,phone_number
الموبايل,phone_number
اعرف,show
الاوردر,order
الحجم,itemSize
حدثلى,update_data
رقم,phone_number
للرقم,phone_number
العنوان,address
تغيرلي,change
اللغة,Language
مع,add
فاضله,late
ايه,late
الغي,cancel
رقم,phone_number
الجوال,phone_number
الاوردرات,order
اغير,change
لغة,Language
الكارت,card
الاوردر,order
للحين,late
الاوردر,order
اغير,change
العنوان,address
تغيير,change
البيانات,update_data
الاوردر,order
عنواني,address
الاوردر,order
غير,change
اللغة,Language
مع,add
شوف,show
الاطباق,Menu
الاوردر,order
3,item_number
ساندوتش,ItemName
شيل,edit
اضيف,add
عنوان,address
اشوف,show
المنيو,Menu
الانجليزية,Language
اغير,change
العنوان,address
عنوان,address
البيت,address
تبعتلي,show
قائمة,Menu
رقم,phone_number
هاتفى,phone_number
الاوردر,order
2,item_number
بيتزا,ItemName
مع,add
اشوف,show
الاوردر,order
بصل,Exclude
الطلبات,order
السابقة,previous
العنوان,address
الاوردر,order
احذف,delete
غير,change
رقم,phone_number
الجوال,phone_number
الطلبات,order
لحد,late
عنوان,address
البيت,address
اغير,change
اضيف,add
عنوان,address
البيت,address
ايه,late
البيانات,update_data
عنوان,address
منيو,Menu
بيتزا,ItemName
عايزة,show
اشوف,show
منيو,Menu
تضيفلي,add
تشيكن,ItemName
تفرجيني,show
قائمة,Menu
تغيير,change
البيانات,update_data
رقم,phone_number
الموبايل,phone_number
3,item_number
الاوردر,order
اعرضلي,show
الطلبات,order
طلبتها,order
اغير,change
لغة,Language
الكارت,card
الاوردر,order
2,item_number
بيتزا,ItemName
عنواني,address
اعرضلي,show
اغير,change
اللغة,Language
اللغة,Language
اشوف,show
الطلبات,order
السابقة,previous
منيو,Menu
تعرضلي,show
اد,late
ايه,late
احدث,update_data
العنوان,address
الموبايل,phone_number
3,item_number
وريني,show
الاوردرات,order
طلبتها,order
قبل,previous
عايزة,show
اعرف,show
اوردر,order
شوف,show
الطلبات,order
اشوف,show
الحجم,itemSize
الموبايل,phone_number
الاوردر,order
ايه,late
تضيفلي,add
رقم,phone_number
موبايلي,phone_number
عنوان,address
تبعتلي,show
الاوردر,order
شوف,show
منيو,Menu
فرجيكن,show
عنواني,address
عايزة,show
الاوردر,order
تضيفلي,add
3,item_number
الفاتورة,invoice
عايزة,show
عنوان,address
البيت,address
تغيير,change
رقم,phone_number
اشوف,show
رقم,phone_number
احذف,delete
عنواني,address
عايزة,show
تبعتلي,show
منيو,Menu
عايزة,show
اضيف,add
اشوف,show
الاوردر,order
الاوردرات,order
السابقة,previous
امسح,delete
عنواني,address
عنواني,address
مع,add
اعرضلي,show
اوردر,order
تابعلي,show
الاوردر,order
عايزة,show
اسجل,update_data
عنوان,address
اشوف,show
بصل,Exclude
مع,add
منيو,Menu
عايزة,show
عنواني,address
اعرضلي,show
الكارت,card
عايزة,show
غير,change
الاوردر,order
ايه,late
3,item_number
اعرضلي,show
الطلبات,order
قائمة,Menu
البيانات,update_data
اشوف,show
المنيو,Menu
تغيرلي,change
رقم,phone_number
موبايلي,phone_number
رقم,phone_number
2,item_number
بيتزا,ItemName
وريني,show
عنواني,address
ايه,late
الاوردر,order
عايزة,show
اشوف,show
الاوردرات,order
العنوان,address
ايه,late
رقم,phone_number
اعدل,edit
اعرضلي,show
منيو,Menu
اضيف,add
عنوان,address
البيت,address
منيو,Menu
شوف,show
قائمة,Menu
الطعام,Menu
تطلعنى,show
اوردر,order
عنوان,address
اضيف,add
رقم,phone_number
تغيرلي,change
تفرجيني,show
الاوردر,order
تغير,change
عنوان,address
تفرجيني,show
القائمة,Menu
اضيف,add
عنوان,address
الطعام,Menu
ايه,late
احذف,delete
عنواني,address
عايزة,show
اعدل,edit
رقم,phone_number
تفرجيني,show
الكارت,card
اسجل,update_data
عنوان,address
عايزة,show
طلبتها,order
عنوان,address
الكارت,card
عايزة,show
اضيف,add
الاوردر,order
قبل,previous
ميل,ItemName
الطلبات,order
لحد,late
دلوقتي,late
اضيف,add
رقم,phone_number
منيو,Menu
مع,add
الطعام,Menu
اسجل,update_data
عنواني,address
ساندوتش,ItemName
تعرضلي,show
منيو,Menu
سبكترا,location
منيو,Menu
تغيرلي,change
تعرضلي,show
منيو,Menu
2,item_number
سوبر,ItemName
الحجم,itemSize
عايزة,show
اغير,change
رقم,phone_number
الاوردر,order
عايزة,show
الفاتورة,invoice
مع,add
اضيف,add
رقم,phone_number
المنيو,Menu
عطيني,show
اغير,change
رقم,phone_number
الاوردر,order
المنيو,Menu
عايزة,show
2,item_number
بيتزا,ItemName
العنوان,address
عايزة,show
اشوف,show
الاوردرات,order
اسجل,update_data
عنوان,address
البيت,address
احذف,delete
العنوان,address
الغي,cancel
عايزة,show
دلوقتي,late
تغيير,change
البيانات,update_data
احط,add
عنوان,address
غير,change
رقم,phone_number
الجوال,phone_number
عايزة,show
اعرف,show
رقم,phone_number
موبايلي,phone_number
اغير,change
بياناتي,update_data
غير,change
رقم,phone_number
الجوال,phone_number
امسح,delete
العنوان,address
اشوف,show
الاوردرات,order
القديمة,previous
رقم,phone_number
للرقم,phone_number
2,item_number
ميل,ItemName
الطلبات,order
العنوان,address
غير,change
اغير,change
لغة,Language
تشيكن,ItemName
منيو,Menu
اللغة,Language
الانجليزية,Language
عايزة,show
احط,add
العنوان,address
شوف,show
منيو,Menu
بيتزا,ItemName
كبيرة,itemSize
كبير,itemSize
بيتزا,ItemName
ايه,late
المنيو,Menu
كبير,itemSize
الغي,cancel
اعرضلي,show
شوف,show
الطلبات,order
طلبتها,order
القائمة,Menu
الاوردر,order
اسجل,update_data
عنوان,address
مع,add
الاوردر,order
تضيفلي,add
رقم,phone_number
موبايلي,phone_number
قائمة,Menu
البيتزا,ItemName
اعرضلي,show
الطلبات,order
الاوردر,order
منيو,Menu
مع,add
اشوف,show
الكارت,card
اعرف,show
الاوردر,order
2,item_number
بيتزا,ItemName
صغيرة,itemSize
مع,add
عايزة,show
بيتزا,ItemName
كبير,itemSize
عايزة,show
اضيف,add
رقم,phone_number
المنيو,Menu
عايزة,show
احط,add
عنواني,address
الطلبات,order
امسح,delete
الفاتورة,invoice
اعرف,show
الاوردر,order
فاضله,late
ايه,late
مع,add
للرقم,phone_number
عايزة,show
سلطة,ItemName
اشوف,show
المنيو,Menu
تابعلي,show
الطلبات,order
عايزة,show
كام,invoice
عايزة,show
اغير,change
العنوان,address
2,item_number
تشيكن,ItemName
قائمة,Menu
تغيير,change
البيانات,update_data
اضيف,add
قائمة,Menu
الطلبات,order
السابقة,previous
شيل,edit
العنوان,address
رقم,phone_number
هاتفى,phone_number
للرقم,phone_number
عايزة,show
اعرضلي,show
رقم,phone_number
هاتفى,phone_number
اعرف,show
اد,late
ايه,late
المنيو,Menu
الغي,cancel
عنوان,address
اضيف,add
طلبتها,order
منيو,Menu
احذف,delete
العنوان,address
عايزة,show
اسجل,update_data
عنوان,address
عايزة,show
عايزة,show
الفاتورة,invoice
الغي,cancel
سلطة,ItemName
منيو,Menu
عايزة,show
احدد,add
2,item_number
تفرجيني,show
منيو,Menu
رقم,phone_number
موبايلي,phone_number
عايزة,show
عنوان,address
اغير,change
بيتزا,ItemName
عايزة,show
العنوان,address
احط,add
رقم,phone_number
قائمة,Menu
الطعام,Menu
وريني,show
قائمة,Menu
البيتزا,ItemName
امسح,delete
العنوان,address
تغيير,change
البيانات,update_data
شيل,edit
القائمة,Menu
العنوان,address
شوف,show
الكارت,card
المنيو,Menu
تعرضلي,show
الطلبات,order
طلبتها,order
قبل,previous
عنوان,address
منيو,Menu
القائمة,Menu
اوردر,order
3,item_number
مع,add
سلطة,ItemName
سيزر,ItemName
اعرف,show
عايزة,show
تفرجيني,show
المنيو,Menu
طلبتها,order
2,item_number
مع,add
كبير,itemSize
ميل,ItemName
2,item_number
اشوف,show
الطلبات,order
اغير,change
البيت,address
الفاتورة,invoice
اضيف,add
عنوان,address
منيو,Menu
تغيرلي,change
عنوان,address
عنوان,address
البيت,address
مع,add
الاوردر,order
امسح,delete
عنواني,address
ميل,ItemName
الطعام,Menu
الاوردر,order
تضيفلي,add
تشيكن,ItemName
اروح,show
حدثلى,update_data
رقم,phone_number
للرقم,phone_number
القديمة,previous
3,item_number
تشيكن,ItemName
ميل,ItemName
تبعتلي,show
قائمة,Menu
تغيير,change
البيانات,update_data
عايزة,show
اوردر,order
3,item_number
شوف,show
ايه,late
عنوان,address
عايزة,show
مع,add
العنوان,address
عايزة,show
الاوردر,order
السندوتشات,ItemName
اغير,change
رقم,phone_number
كبيرة,itemSize
منيو,Menu
قديش,show
وقت,late
الاوردر,order
تغيير,change
دلوقتي,late
اشوف,show
منيو,Menu
عايزة,show
اغير,change
رقم,phone_number
للرقم,phone_number
تطلعنى,show
رقم,phone_number
هاتفى,phone_number
الجوال,phone_number
للرقم,phone_number
2,item_number
بيتزا,ItemName
الاوردر,order
الغي,cancel
العنوان,address
مع,add
الغي,cancel
تشيكن,ItemName
ميل,ItemName
دلوقتي,late
تفرجيني,show
الكارت,card
اضيف,add
رقم,phone_number
تفرجيني,show
منيو,Menu
غير,change
رقم,phone_number
الجوال,phone_number
اعرف,show
الاوردر,order
لحد,late
اغير,change
اللغة,Language
اسجل,update_data
عنوان,address
الاوردر,order
اشوف,show
منيو,Menu
دلوقتى,late
عايزة,show
اعدل,edit
3,item_number
عنواني,address
2,item_number
بيتزا,ItemName
اشوف,show
المنيو,Menu
للرقم,phone_number
عنوان,address
تغير,change
العنوان,address
اسجل,update_data
عنوان,address
الاوردر,order
غير,change
رقم,phone_number
الاوردر,order
قائمة,Menu
الطعام,Menu
الاوردر,order
مع,add
تغيرلي,change
عنوان,address
البيت,address
عنوان,address
الغي,cancel
عنواني,address
تبعتلي,show
المنيو,Menu
اشوف,show
منيو,Menu
كبير,itemSize
عايزة,show
اضيف,add
عنوان,address
2,item_number
الاوردر,order
اغير,change
رقم,phone_number
للرقم,phone_number
اشوف,show
عايزة,show
الاوردرات,order
السابقة,previous
تفرجيني,show
القائمة,Menu
اشوف,show
منيو,Menu
3,item_number
اسجل,update_data
العنوان,address
اغير,change
رقم,phone_number
اشوف,show
الاوردرات,order
القديمة,previous
شوف,show
تفرجيني,show
غير,change
لغة,Language
عايزة,show
اضيف,add
العنوان,address
تفرجيني,show
المنيو,Menu
غير,change
رقم,phone_number
احط,add
العنوان,address
الطلبات,order
عايزة,show
احدد,add
عنواني,address
عطيني,show
المنيو,Menu
امسح,delete
الغي,cancel
ايه,late
عايزة,show
اضيف,add
العنوان,address
مع,add
مع,add
اللغة,Language
عنوان,address
العنوان,address
مع,add
اضيف,add
اشوف,show
الطلبات,order
السابقة,previous
الطلبات,order
ايه,late
اضيف,add
3,item_number
تشيكن,ItemName
مع,add
الاوردر,order
2,item_number
كبير,itemSize
تفرجيني,show
منيو,Menu
منيو,Menu
رقم,phone_number
البيت,address
تفرجيني,show
قائمة,Menu
الطلبات,order
السابقة,previous
مع,add
بيتزا,ItemName
الاوردر,order
اشوف,show
الاوردر,order
اضيف,add
3,item_number
ساندوتش,ItemName
شوف,show
المنيو,Menu
القائمة,Menu
الغي,cancel
العنوان,address
الاوردر,order
الاوردر,order
كام,invoice
شوف,show
الكارت,card
رقم,phone_number
الاوردر,order
اعرضلي,show
قائمة,Menu
غير,change
العنوان,address
غير,change
عنوان,address
الغي,cancel
عنواني,address
تغيير,change
رقم,phone_number
الجوال,phone_number
للرقم,phone_number
اغير,change
تغير,change
رقم,phone_number
عنوان,address
تابعلي,show
الاوردر,order
اللغة,Language
عايزة,show
اعرف,show
الاوردر,order
وقت,late
اد,late
ايه,late
عنوان,address
تابعلي,show
الاوردر,order
اشوف,show
منيو,Menu
تغيرلي,change
عنوان,address
البيت,address
اعرضلي,show
منيو,Menu
البيتزا,ItemName
بيتزا,ItemName
الاوردر,order
موصلش,late
عنوان,address
عايزة,show
اسجل,update_data
عنوان,address
مع,add
المنيو,Menu
اعرف,show
الطلبات,order
اسجل,update_data
العنوان,address
الاوردر,order
اغير,change
رقم,phone_number
للرقم,phone_number
ايه,late
اشوف,show
الكارت,card
غير,change
رقم,phone_number
الموبايل,phone_number
اشوف,show
الاوردر,order
شوف,show
الاوردرات,order
تعرضلي,show
الطلبات,order
تابعلي,show
الطلبات,order
اعرضلي,show
رقم,phone_number
ماوصل,late
شوف,show
الاوردر,order
اشوف,show
اوردراتي,order
منيو,Menu
عايزة,show
اشوف,show
المنيو,Menu
مع,add
تغيير,change
البيانات,update_data
البيانات,update_data
رقم,phone_number
الاوردر,order
الفاتورة,invoice
الفاتورة,invoice
مع,add
اشوف,show
منيو,Menu
الاوردر,order
منيو,Menu
الاطباق,Menu
لحد,late
عايزة,show
احدث,update_data
البيانات,update_data
السابقة,previous
المنيو,Menu
العنوان,address
اشوف,show
منيو,Menu
قائمة,Menu
الطعام,Menu
تفرجيني,show
الكارت,card
العنوان,address
الطلبات,order
اللغة,Language
دلوقتي,late
الاوردر,order
اغير,change
رقم,phone_number
موبايلي,phone_number
قائمة,Menu
تغيير,change
البيانات,update_data
اوردر,order
بيتزا,ItemName
العنوان,address
2,item_number
بيتزا,ItemName
عايزة,show
اعرف,show
الاوردر,order
فاضله,late
ايه,late
تغيرلي,change
اللغة,Language
سلطة,ItemName
كبير,itemSize
عايزة,show
عنوان,address
الاوردر,order
الاوردر,order
رقم,phone_number
شوف,show
المنيو,Menu
ايه,late
قائمة,Menu
الطعام,Menu
الاوردر,order
تفرجيني,show
القائمة,Menu
اللغة,Language
الفاتورة,invoice
هاخد,show
كبير,itemSize
ساندوتش,ItemName
عنوان,address
البيت,address
ايه,late
تضيفلي,add
عنوان,address
مع,add
وريني,show
قائمة,Menu
الطعام,Menu
تشيكن,ItemName
مع,add
الاوردرات,order
السابقة,previous
عنواني,address
اوردر,order
رقم,phone_number
كبير,itemSize
الغي,cancel
غير,change
رقم,phone_number
الجوال,phone_number
عنوان,address
منيو,Menu
منيو,Menu
السابقة,previous
عنوان,address
رقم,phone_number
البيانات,update_data
الاوردرات,order
السابقة,previous
البيانات,update_data
مع,add
عنواني,address
شوف,show
الكارت,card
اعرف,show
الاوردر,order
اعدل,edit
عنوان,address
اعرضلي,show
كام,invoice
عايزة,show
مع,add
الاوردرات,order
السابقة,previous
3,item_number
بيتزا,ItemName
عايزة,show
اضيف,add
عنوان,address
البيت,address
اضيف,add
رقم,phone_number
الجوال,phone_number
اوردر,order
3,item_number
بيتزا,ItemName
مع,add
امسح,delete
الاوردر,order
الفاتورة,invoice
ساندوتش,ItemName
2,item_number
اشوف,show
المنيو,Menu
اشوف,show
الكارت,card
شوف,show
اغير,change
رقم,phone_number
للرقم,phone_number
تغيرلي,change
للرقم,phone_number
الاوردر,order
شوف,show
المنيو,Menu
اعرف,show
وقت,late
اد,late
ايه,late
الاوردر,order
وريني,show
الطلبات,order
رقم,phone_number
الاوردر,order
2,item_number
تشيكن,ItemName
سوبريم,ItemName
بصل,Exclude
3,item_number
بيتزا,ItemName
عنوان,address
البيت,address
منيو,Menu
عايزة,show
اعدل,edit
رقم,phone_number
موبايلي,phone_number
عايزة,show
عنواني,address
2,item_number
مع,add
كبير,itemSize
قديش,show
وقت,late
القائمة,Menu
الطلبات,order
قبل,previous
رقم,phone_number
الموبايل,phone_number
الاوردر,order
العنوان,address
اعدل,edit
العنوان,address
اشوف,show
الطلبات,order
اغير,change
بياناتي,update_data
قديش,show
وقت,late
شوف,show
الكارت,card
احط,add
عنواني,address
عايزة,show
وقت,late
غير,change
رقم,phone_number
الموبايل,phone_number
الاوردر,order
وقت,late
ايه,late
اشوف,show
احدد,add
عنوان,address
البيت,address
غير,change
2,item_number
المنيو,Menu
عايزة,show
اغير,change
ايه,late
2,item_number
تشيكن,ItemName
سوبريم,ItemName
بيتزا,ItemName
القائمة,Menu
اغير,change
رقم,phone_number
الاوردر,order
3,item_number
بدون,Exclude
عنوان,address
البيت,address
اعرف,show
عايزة,show
اشوف,show
الاوردرات,order
كبير,itemSize
الاوردر,order
قديش,show
قائمة,Menu
الطعام,Menu
طلبتها,order
عايزة,show
اعدل,edit
العنوان,address
تفرجيني,show
مع,add
تغيير,change
رقم,phone_number
الموبايل,phone_number
بيتزا,ItemName
رقم,phone_number
الاوردر,order
الاوردر,order
غير,change
عنوان,address
الاوردر,order
الاوردر,order
ايه,late
رقم,phone_number
الاوردر,order
2,item_number
بيتزا,ItemName
مع,add
الغي,cancel
اضيف,add
تفرجيني,show
الطعام,Menu
حسابى,invoice
عطيني,show
القائمة,Menu
بيتزا,ItemName
بصل,Exclude
رقم,phone_number
للرقم,phone_number
احذف,delete
العنوان,address
تبعتلي,show
قائمة,Menu
تغيير,change
البيانات,update_data
احذف,delete
للرقم,phone_number
مع,add
الاوردر,order
عنوان,address
البيت,address
الغي,cancel
عنواني,address
قائمة,Menu
الطعام,Menu
اللغة,Language
عنوان,address
البيت,address
مع,add
احط,add
العنوان,address
2,item_number
بيتزا,ItemName
اشوف,show
الطلبات,order
اعرف,show
الاوردر,order
فاضله,late
اد,late
ايه,late
3,item_number
سلطة,ItemName
مع,add
اشوف,show
المنيو,Menu
اغير,change
عنوان,address
البيت,address
تعرضلي,show
شوف,show
قائمة,Menu
غير,change
رقم,phone_number
الجوال,phone_number
قبل,previous
عايزة,show
احط,add
عنوان,address
البيت,address
شوف,show
الكارت,card
الاوردر,order
ايه,late
اعرف,show
العنوان,address
اشوف,show
الاوردرات,order
5,item_number
كبير,itemSize
اشوف,show
الاوردرات,order
قبل,previous
البيانات,update_data
3,item_number
ميل,ItemName
تشيكن,ItemName
تشيكن,ItemName
عنوان,address
العنوان,address
لغة,Language
العنوان,address
تطلعنى,show
غير,change
الاوردر,order
ايه,late
وريني,show
الطلبات,order
القديمة,previous
وقت,late
الاوردر,order
تعرضلي,show
الكارت,card
المنيو,Menu
اعرف,show
عايزة,show
احدد,add
عنوان,address
الغي,cancel
مع,add
بيتزا,ItemName
عنواني,address
اوردر,order
5,item_number
تشيكن,ItemName
مع,add
المنيو,Menu
شوف,show
عايزة,show
قائمة,Menu
تغيير,change
البيانات,update_data
الاوردر,order
اشوف,show
قبل,previous
لحد,late
سوبر,ItemName
سوبريم,ItemName
مع,add
تغيرلي,change
رقم,phone_number
سلطة,ItemName
تغيير,change
البيانات,update_data
الطلبات,order
احذف,delete
عنوان,address
البيت,address
تغيرلي,change
لغة,Language
اللغة,Language
احدث,update_data
عنواني,address
عايزة,show
امسح,delete
عنواني,address
ايه,late
عنوان,address
البيت,address
اغير,change
عنوان,address
سلطة,ItemName
الطلبات,order
احذف,delete
العنوان,address
القائمة,Menu
الطلبات,order
طلبتها,order
قبل,previous
عايزة,show
اعرف,show
وقت,late
اد,late
ايه,late
اعرف,show
غير,change
رقم,phone_number
الموبايل,phone_number
منيو,Menu
عنوان,address
البيت,address
الاوردرات,order
طلبتها,order
عنوان,address
كام,invoice
احط,add
عنوان,address
البيت,address
عايزة,show
اشوف,show
الاوردرات,order
القديمة,previous
الغي,cancel
العنوان,address
الطلبات,order
ايه,late
الاوردر,order
عايزة,show
الطلبات,order
الاوردر,order
ماوصل,late
اشوف,show
السندوتشات,ItemName
الاوردر,order
عايزة,show
اغير,change
بياناتي,update_data
عنوان,address
اللغة,Language
بيتزا,ItemName
عنوان,address
دلوقتي,late
عايزة,show
اغير,change
رقم,phone_number
الموبايل,phone_number
ايه,late
القائمة,Menu
قائمة,Menu
اعرضلي,show
الاوردرات,order
شوف,show
الاوردر,order
5,item_number
3,item_number
عنوان,address
2,item_number
كبير,itemSize
الطلبات,order
عايزة,show
الطلبات,order
تفرجيني,show
قبل,previous
ايه,late
الطلبات,order
3,item_number
عنوان,address
البيت,address
تفرجيني,show
منيو,Menu
شوف,show
المنيو,Menu
المنيو,Menu
احذف,delete
الاوردر,order
بيتزا,ItemName
كبيرة,itemSize
الطلبات,order
الحجم,itemSize
عايزة,show
اغير,change
رقم,phone_number
موبايلي,phone_number
عنوان,address
البيت,address
اسجل,update_data
عنوان,address
البيت,address
اعرضلي,show
تبعتلي,show
قائمة,Menu
كبير,itemSize
مع,add
عايزة,show
اسجل,update_data
عنوان,address
وريني,show
منيو,Menu
عايزة,show
اغير,change
رقم,phone_number
اتنين,item_number
غير,change
عايزة,show
اعدل,edit
رقم,phone_number
الموبايل,phone_number
اشوف,show
الاوردر,order
فاضله,late
ايه,late
الطلبات,order
السابقة,previous
الطعام,Menu
رقم,phone_number
للرقم,phone_number
ايه,late
رقم,phone_number
الاوردر,order
تعرضلي,show
احدد,add
عنوان,address
الاوردر,order
عايزة,show
اشوف,show
الطلبات,order
السابقة,previous
اعرضلي,show
المنيو,Menu
عايزة,show
الغي,cancel
عنوان,address
البيت,address
شوف,show
الطلبات,order
شوف,show
قبل,previous
العنوان,address
مع,add
العنوان,address
اعرضلي,show
طلباتي,order
الاوردر,order
تبعتلي,show
اشوف,show
قائمة,Menu
الطلبات,order
اوردر,order
3,item_number
بيتزا,ItemName
مع,add
بصل,Exclude
2,item_number
بيتزا,ItemName
كبير,itemSize
اشوف,show
قبل,previous
شوف,show
منيو,Menu
شوف,show
المنيو,Menu
اعرضلي,show
مع,add
رقم,phone_number
مع,add
رقم,phone_number
الجوال,phone_number
حذف,delete
3,item_number
اشوف,show
شوف,show
اشوف,show
طلباتي,order
الحجم,itemSize
كبير,itemSize
الفاتورة,invoice
رقم,phone_number
الجوال,phone_number
للرقم,phone_number
ايه,late
3,item_number
اضيف,add
عنوان,address
شوف,show
الاشياء,order
طلبتها,order
الاوردر,order
شوف,show
الاوردر,order
2,item_number
بيتزا,ItemName
بصل,Exclude
مع,add
اشوف,show
عنوان,address
دلوقتي,late
اغير,change
العنوان,address
رقم,phone_number
الجوال,phone_number
رقم,phone_number
2,item_number
ايه,late
دلوقتي,late
الله,Gbu
رقم,phone_number
الموبايل,phone_number
عايزة,show
رقم,phone_number
3,item_number
عايزة,show
الاوردرات,order
اغير,change
رقم,phone_number
هاتفى,phone_number
اشوف,show
البيتزا,ItemName
قائمة,Menu
تغيير,change
البيانات,update_data
اشوف,show
قائمة,Menu
الطعام,Menu
اشوف,show
عايزة,show
اشوف,show
منيو,Menu
اشوف,show
الاوردرات,order
رقم,phone_number
الجوال,phone_number
هاخد,show
2,item_number
بيتزا,ItemName
اشوف,show
الطلبات,order
عنواني,address
الاوردرات,order
السابقة,previous
تغير,change
عنواني,address
عايزة,show
اعرف,show
عنوان,address
عايزة,show
اضيف,add
عنوان,address
اشوف,show
الاوردر,order
اغير,change
رقم,phone_number
اشوف,show
الاوردر,order
العنوان,address
اروح,show
قائمة,Menu
تغيير,change
البيانات,update_data
عايزة,show
تشيكن,ItemName
ساندوتش,ItemName
مع,add
ساندوتش,ItemName
منيو,Menu
اعرضلي,show
القائمة,Menu
اوردر,order
رقم,phone_number
وقت,late
ايه,late
الطلبات,order
السابقة,previous
تغير,change
رقم,phone_number
للرقم,phone_number
اغير,change
رقم,phone_number
الموبايل,phone_number
2,item_number
بيتزا,ItemName
العنوان,address
اشوف,show
ايه,late
غير,change
العنوان,address
عايزة,show
اغير,change
لغة,Language
بيتزا,ItemName
اضيف,add
الهابي,ItemName
ميل,ItemName
اعرضلي,show
منيو,Menu
الاوردر,order
الاطباق,Menu
اعرضلي,show
الاوردر,order
اغير,change
رقم,phone_number
الجوال,phone_number
تغير,change
وريني,show
المنيو,Menu
غير,change
بياناتي,update_data
غير,change
اللغة,Language
الاوردر,order
شوف,show
البيتزا,ItemName
اغير,change
لغة,Language
اعدل,edit
عنوان,address
منيو,Menu
الاطباق,Menu
عنوان,address
البيت,address
2,item_number
مع,add
كبير,itemSize
عايزة,show
اشوف,show
الاوردر,order
اشوف,show
تشيكن,ItemName
سوبريم,ItemName
بيتزا,ItemName
غير,change
تشيكن,ItemName
الاوردر,order
3,item_number
اعدل,edit
العنوان,address
ايه,late
احذف,delete
عايزة,show
امسح,delete
عنواني,address
اشوف,show
حسابى,invoice
احدث,update_data
رقم,phone_number
موبايلي,phone_number
اشوف,show
اوردراتي,order
السابقة,previous
عايزة,show
اعرف,show
كام,invoice
الفاتورة,invoice
الغي,cancel
اشوف,show
قائمة,Menu
المنيو,Menu
المنيو,Menu
رقم,phone_number
فاضله,late
ايه,late
عنوان,address
البيت,address
السندوتشات,ItemName
عايزة,show
العنوان,address
اشوف,show
المنيو,Menu
رقم,phone_number
الطعام,Menu
تبعتلي,show
القائمة,Menu
الاوردر,order
ايه,late
بيتزا,ItemName
صغيرة,itemSize
الاوردرات,order
السابقة,previous
كام,invoice
العنوان,address
مع,add
واحد,item_number
وريني,show
الطعام,Menu
رقم,phone_number
غير,change
رقم,phone_number
الموبايل,phone_number
الاوردر,order
2,item_number
ساندوتش,ItemName
مع,add
الاشياء,order
طلبتها,order
الاوردر,order
رقم,phone_number
للرقم,phone_number
اسجل,update_data
عنوان,address
وريني,show
المنيو,Menu
تبعتلي,show
عنواني,address
عنوان,address
اعدل,edit
العنوان,address
اشوف,show
الطلبات,order
السابقة,previous
الحجم,itemSize
الكبير,itemSize
الطعام,Menu
اشوف,show
القديمة,previous
اعدل,edit
عنوان,address
البيت,address
تفرجيني,show
قائمة,Menu
الطعام,Menu
تعرضلي,show
منيو,Menu
احط,add
رقم,phone_number
اشوف,show
الكارت,card
2,item_number
بيتزا,ItemName
عايزة,show
اسجل,update_data
عنواني,address
اللغة,Language
عنوان,address
البيت,address
اعرضلي,show
الكارت,card
اللغة,Language
الفاتورة,invoice
تضيفلي,add
ايه,late
عايزة,show
احدث,update_data
عنواني,address
كبيرة,itemSize
اعرضلي,show
الاوردر,order
اضيف,add
عنواني,address
اغير,change
رقم,phone_number
الاوردر,order
الاوردر,order
تشيكن,ItemName
ميل,ItemName
الطلبات,order
عنوان,address
البيت,address
امسح,delete
العنوان,address
اضيف,add
عنوان,address
البيت,address
منيو,Menu
السندوتشات,ItemName
شوف,show
البيت,address
تشيكن,ItemName
رقم,phone_number
العنوان,address
شوف,show
الطلبات,order
القديمة,previous
قبل,previous
عنوان,address
البيت,address
تفرجيني,show
منيو,Menu
اشوف,show
منيو,Menu
الغي,cancel
العنوان,address
مع,add
قائمة,Menu
تغيير,change
البيانات,update_data
اشوف,show
الاوردرات,order
القديمة,previous
اعرف,show
قديش,show
وقت,late
الاوردر,order
اغير,change
اللغة,Language
تغير,change
عنواني,address
احذف,delete
العنوان,address
3,item_number
اسجل,update_data
عنوان,address
تفرجيني,show
الاوردر,order
العنوان,address
حذف,delete
اضيف,add
رقم,phone_number
رقم,phone_number
اشوف,show
2,item_number
اشوف,show
اوردر,order
اعرف,show
القائمة,Menu
البيانات,update_data
عايزة,show
احذف,delete
عنوان,address
البيت,address
عايزة,show
غير,change
غير,change
لغة,Language
امسح,delete
تبعتلي,show
منيو,Menu
اشوف,show
احط,add
عنوان,address
البيت,address
اضيف,add
رقم,phone_number
غير,change
عايزة,show
اروح,show
عايزة,show
اشوف,show
الاوردرات,order
رقم,phone_number
هاخد,show
المنيو,Menu
عايزة,show
عنوان,address
البيت,address
عنوان,address
عطيني,show
الاوردرات,order
طلبتها,order
قبل,previous
عنواني,address
شوف,show
الطلبات,order
السابقة,previous
اشوف,show
منيو,Menu
ساندوتش,ItemName
رقم,phone_number
موبايلي,phone_number
احدث,update_data
رقم,phone_number
موبايلي,phone_number
2,item_number
سلطة,ItemName
اعرضلي,show
الاوردرات,order
طلبتها,order
قبل,previous
اشوف,show
طلبتها,order
كام,invoice
الحجم,itemSize
الكبير,itemSize
اروح,show
تغيير,change
البيانات,update_data
اعرف,show
الفاتورة,invoice
ايه,late
امسح,delete
العنوان,address
تغيرلي,change
رقم,phone_number
الحجم,itemSize
الكبير,itemSize
الاوردر,order
ايه,late
اغير,change
رقم,phone_number
عايزة,show
دلوقتي,late
اعرضلي,show
كام,invoice
2,item_number
تشيكن,ItemName
عطيني,show
الكارت,card
تشيكن,ItemName
الاوردر,order
الاوردر,order
اشوف,show
منيو,Menu
الاوردر,order
رقم,phone_number
اشوف,show
الاوردرات,order
اعرف,show
الاوردر,order
اعرضلي,show
اشوف,show
الاوردر,order
اوردر,order
الغي,cancel
العنوان,address
تضيفلي,add
شوف,show
الاوردرات,order
شوف,show
الطعام,Menu
اشوف,show
الاوردرات,order
طلبتها,order
قبل,previous
اسجل,update_data
العنوان,address
بيتزا,ItemName
بدون,Exclude
بصل,Exclude
كبير,itemSize
اروح,show
الله,Gbu
رقم,phone_number
عايزة,show
اضيف,add
عنواني,address
عايزة,show
اسجل,update_data
عنوان,address
البيت,address
عنوان,address
الاوردر,order
عطيني,show
المنيو,Menu
عنوان,address
الاوردر,order
عايزة,show
الغي,cancel
عنوان,address
البيت,address
اشوف,show
طلباتي,order
عنوان,address
البيت,address
عايزة,show
اعدل,edit
العنوان,address
شوف,show
اغير,change
عنوان,address
الاوردر,order
الغي,cancel
العنوان,address
للرقم,phone_number
السابقة,previous
اعرضلي,show
بيتزا,ItemName
عايزة,show
رقم,phone_number
موبايلي,phone_number
اضيف,add
عنواني,address
الاوردر,order
اشوف,show
الطلبات,order
السابقة,previous
للحين,late
شوف,show
الكارت,card
قائمة,Menu
تابعلي,show
الاوردر,order
اوردر,order
الاوردر,order
تبعتلي,show
مع,add
للحين,late
الاوردرات,order
السابقة,previous
2,item_number
وريني,show
منيو,Menu
شوف,show
الطلبات,order
نظره,show
عايزة,show
مع,add
شوف,show
الاوردرات,order
السابقة,previous
اشوف,show
المنيو,Menu
مع,add
احط,add
رقم,phone_number
اللغة,Language
رقم,phone_number
غير,change
عنوان,address
البيت,address
امسح,delete
العنوان,address
شوف,show
الاوردرات,order
طلبتها,order
قبل,previous
رقم,phone_number
اشوف,show
الاوردرات,order
القديمة,previous
اشوف,show
طلبتها,order
العنوان,address
فاضله,late
ايه,late
تشيكن,ItemName
مع,add
الاوردر,order
منيو,Menu
الاطباق,Menu
الغي,cancel
عنواني,address
وقت,late
اعدل,edit
رقم,phone_number
اشوف,show
طلبتها,order
اعرضلي,show
الاوردر,order
عايزة,show
اغير,change
رقم,phone_number
اغير,change
بياناتي,update_data
تبديل,edit
رقم,phone_number
مع,add
رقم,phone_number
الاوردر,order
ايه,late
تبعتلي,show
الاوردر,order
احذف,delete
الاوردرات,order
السابقة,previous
الاوردر,order
وريني,show
قائمة,Menu
الطلبات,order
وريني,show
ايه,late
عايزة,show
القائمة,Menu
رقم,phone_number
رقم,phone_number
الاوردرات,order
السابقة,previous
اوردر,order
رقم,phone_number
تفرجيني,show
الاوردر,order
غير,change
رقم,phone_number
اعرف,show
ايه,late
3,item_number
ايه,late
كام,invoice
المنيو,Menu
شوف,show
القائمة,Menu
طلبتها,order
قبل,previous
مع,add
المنيو,Menu
الاوردر,order
3,item_number
تشيكن,ItemName
مع,add
الطلبات,order
لحد,late
دلوقتي,late
الاوردرات,order
عايزة,show
شوف,show
قائمة,Menu
عنوان,address
البيت,address
الغي,cancel
الاوردر,order
عنواني,address
تفرجيني,show
عايزة,show
البيانات,update_data
عنوان,address
البيت,address
الغي,cancel
العنوان,address
المنيو,Menu
تغيرلي,change
اللغة,Language
عايزة,show
الاوردر,order
ايه,late
تشيكن,ItemName
اعرف,show
الطلبات,order
رقم,phone_number
الفاتورة,invoice
تغير,change
للرقم,phone_number
ايه,late
احذف,delete
ميل,ItemName
اضيف,add
اشوف,show
2,item_number
شوف,show
الكارت,card
الحجم,itemSize
اسجل,update_data
عنوان,address
اغير,change
رقم,phone_number
الموبايل,phone_number
اغير,change
العنوان,address
اضيف,add
الطلبات,order
رقم,phone_number
مع,add
عايزة,show
عايزة,show
اسجل,update_data
عنواني,address
شوف,show
الطلبات,order
طلبتها,order
قبل,previous
اشوف,show
الاوردرات,order
اللغة,Language
غير,change
رقم,phone_number
الموبايل,phone_number
اللغة,Language
الاوردر,order
الكارت,card
2,item_number
بيتزا,ItemName
كبيرة,itemSize
منيو,Menu
القائمة,Menu
السابقة,previous
2,item_number
سلطة,ItemName
تغيرلي,change
عنوان,address
البيت,address
احدث,update_data
عنوان,address
البيت,address
اغير,change
رقم,phone_number
اغير,change
امسح,delete
عنوان,address
البيت,address
الاوردر,order
ايه,late
الغي,cancel
منيو,Menu
البيتزا,ItemName
تغيير,change
الجوال,phone_number
عنواني,address
الفاتورة,invoice
اضيف,add
عنوان,address
القائمة,Menu
اعرضلي,show
الطعام,Menu
اعرضلي,show
الاوردر,order
العنوان,address
تبعتلي,show
الاوردر,order
كام,invoice
عايزة,show
اضيف,add
عنواني,address
منيو,Menu
عنوان,address
عايزة,show
اشوف,show
قائمة,Menu
الطلبات,order
اعرف,show
الاوردر,order
3,item_number
بيتزا,ItemName
مع,add
اشوف,show
الاوردر,order
عايزة,show
اعرف,show
كام,invoice
الغي,cancel
العنوان,address
البيانات,update_data
عايزة,show
الغي,cancel
عنواني,address
تغيرلي,change
عايزة,show
عنواني,address
غير,change
البيانات,update_data
كام,invoice
اشوف,show
منيو,Menu
3,item_number
سلطة,ItemName
3,item_number
الاوردر,order
الاوردر,order
دلوقتي,late
ساندوتش,ItemName
احذف,delete
حسابى,invoice
طلبتها,order
غير,change
موبايلي,phone_number
الاوردر,order
رقم,phone_number
وريني,show
ايه,late
ساندوتش,ItemName
عايزة,show
اشوف,show
الاوردرات,order
السابقة,previous
العنوان,address
اللغة,Language
الانجليزية,Language
الفاتورة,invoice
ايه,late
الاوردر,order
ايه,late
شوف,show
الطلبات,order
طلبتها,order
تبعتلي,show
قائمة,Menu
الطعام,Menu
رقم,phone_number
شوف,show
الاوردر,order
عايزة,show
اعدل,edit
عنوان,address
البيت,address
الاسبانية,Language
الطلبات,order
السابقة,previous
شوف,show
الاوردر,order
عايزة,show
اشوف,show
قبل,previous
الاوردر,order
الطلبات,order
السابقة,previous
اعرف,show
الاوردر,order
الانجليزية,Language
العنوان,address
لغة,Language
الطعام,Menu
المنيو,Menu
عايزة,show
اضيف,add
عنوان,address
البيت,address
منيو,Menu
اشوف,show
سوبر,ItemName
الاوردر,order
للرقم,phone_number
عنوان,address
البيت,address
للحين,late
اشوف,show
الاوردرات,order
الطعام,Menu
اشوف,show
المنيو,Menu
الاوردر,order
الغي,cancel
عنواني,address
شوف,show
الطلبات,order
الهابي,ItemName
ميل,ItemName
حسابى,invoice
كام,invoice
مع,add
تبعتلي,show
منيو,Menu
سبكترا,location
السابقة,previous
الغي,cancel
ميل,ItemName
اللغة,Language
اغير,change
رقم,phone_number
الجوال,phone_number
كبير,itemSize
غير,change
اللغة,Language
اعرف,show
الاوردر,order
الاوردر,order
كبير,itemSize
الطلبات,order
السابقة,previous
العنوان,address
الغي,cancel
العنوان,address
بيتزا,ItemName
بيتزا,ItemName
سوبر,ItemName
سوبريم,ItemName
رقم,phone_number
موبايلي,phone_number
مع,add
طلبتها,order
عايزة,show
الطلبات,order
بدون,Exclude
الاوردر,order
تعرضلي,show
شوف,show
الاوردرات,order
السابقة,previous
كبير,itemSize
اللغة,Language
تفرجيني,show
اوردراتي,order
طلبتها,order
قبل,previous
عايزة,show
2,item_number
ساندوتش,ItemName
قائمة,Menu
شوف,show
طلبتها,order
اغير,change
عنوان,address
البيت,address
عايزة,show
احدث,update_data
عنوان,address
اللغة,Language
الاوردر,order
اشوف,show
رقم,phone_number
موبايلي,phone_number
الاوردر,order
ايه,late
الاوردر,order
رقم,phone_number
القائمة,Menu
اشوف,show
منيو,Menu
الاوردر,order
تعرضلي,show
الاوردر,order
رقم,phone_number
شوف,show
قائمة,Menu
الطعام,Menu
تغيير,change
البيانات,update_data
قائمة,Menu
الطلبات,order
السابقة,previous
العنوان,address
اشوف,show
الطلبات,order
الاوردر,order
اعرف,show
ايه,late
غير,change
العنوان,address
رقم,phone_number
وقت,late
ايه,late
اسجل,update_data
عنواني,address
تبعتلي,show
الاوردرات,order
السابقة,previous
تغيير,change
البيانات,update_data
اضيف,add
رقم,phone_number
منيو,Menu
الاوردر,order
عايزة,show
اضيف,add
رقم,phone_number
هاخد,show
2,item_number
بيتزا,ItemName
شوف,show
المنيو,Menu
اشوف,show
الكارت,card
اعرف,show
وقت,late
ايه,late
الاوردر,order
اعرضلي,show
قائمة,Menu
تغيير,change
البيانات,update_data
3,item_number
الطلبات,order
عنوان,address
منيو,Menu
الاطباق,Menu
الاوردر,order
اعرف,show
وقت,late
اد,late
ايه,late
3,item_number
2,item_number
كبير,itemSize
شوف,show
الكارت,card
مع,add
2,item_number
اغير,change
رقم,phone_number
شوف,show
الغي,cancel
عنوان,address
كبير,itemSize
2,item_number
غير,change
اللغة,Language
غير,change
رقم,phone_number
للرقم,phone_number
مع,add
امسح,delete
عنوان,address
البيت,address
امسح,delete
الطلبات,order
القديمة,previous
كام,invoice
اشوف,show
الطلبات,order
الاوردر,order
اد,late
ايه,late
عنواني,address
مع,add
كبير,itemSize
مع,add
للرقم,phone_number
العنوان,address
سبكترا,location
الاوردرات,order
طلبتها,order
قبل,previous
تغيرلي,change
عنواني,address
الغي,cancel
العنوان,address
3,item_number
تشيكن,ItemName
تفرجيني,show
منيو,Menu
الاوردر,order
الاوردر,order
تغير,change
عنوان,address
البيت,address
هاخد,show
مع,add
رقم,phone_number
اعرضلي,show
الاوردر,order
عنوان,address
الاوردر,order
اشوف,show
القائمة,Menu
اوردر,order
عايزة,show
بيتزا,ItemName
بصل,Exclude
كبيرة,itemSize
العنوان,address
الفاتورة,invoice
قائمة,Menu
اشوف,show
طلباتي,order
احذف,delete
العنوان,address
تشيكن,ItemName
غير,change
رقم,phone_number
احدد,add
اللغة,Language
الاسبانية,Language
بدون,Exclude
الاوردر,order
رقم,phone_number
الجوال,phone_number
للرقم,phone_number
فاضله,late
اد,late
ايه,late
عنواني,address
غير,change
رقم,phone_number
الموبايل,phone_number
اعدل,edit
العنوان,address
بيتزا,ItemName
عايزة,show
عايزة,show
اللغة,Language
تعرضلي,show
الطعام,Menu
مع,add
غير,change
رقم,phone_number
غير,change
عنوان,address
تغيرلي,change
شوف,show
الاوردرات,order
السابقة,previous
عنوان,address
البيت,address
قديش,show
اشوف,show
الطلبات,order
عايزة,show
اغير,change
العنوان,address
احذف,delete
المنيو,Menu
الاوردرات,order
القديمة,previous
عنواني,address
عطيني,show
احذف,delete
مع,add
الاوردر,order
المنيو,Menu
اشوف,show
عنواني,address
رقم,phone_number
هاتفى,phone_number
للرقم,phone_number
مع,add
الفاتورة,invoice
الفاتورة,invoice
عايزة,show
اشوف,show
الطلبات,order
القديمة,previous
2,item_number
سلطة,ItemName
غير,change
رقم,phone_number
3,item_number
اشوف,show
الطلبات,order
ايه,late
وقت,late
الاوردر,order
عنواني,address
الطلبات,order
السابقة,previous
3,item_number
بيتزا,ItemName
تشيكن,ItemName
الطلبات,order
طلبتها,order
غير,change
رقم,phone_number
الموبايل,phone_number
اشوف,show
طلباتي,order
السابقة,previous
2,item_number
بيتزا,ItemName
الطلبات,order
غير,change
البيانات,update_data
قائمة,Menu
حذف,delete
العنوان,address
تعرضلي,show
العنوان,address
منيو,Menu
البيت,address
الكارت,card
قائمة,Menu
المنيو,Menu
الاوردر,order
اضيف,add
اسجل,update_data
عنوان,address
البيت,address
منيو,Menu
الاوردر,order
لحد,late
هاخد,show
2,item_number
سوبر,ItemName
سوبريم,ItemName
بيتزا,ItemName
3,item_number
دلوقتي,late
احدث,update_data
عنواني,address
اشوف,show
الكارت,card
عايزة,show
اغير,change
رقم,phone_number
الموبايل,phone_number
اغير,change
عنوان,address
البيت,address
عنوان,address
عطيني,show
تعرضلي,show
الطعام,Menu
المنيو,Menu
رقم,phone_number
موبايلي,phone_number
رقم,phone_number
عايزة,show
اشوف,show
الاوردر,order
اغير,change
رقم,phone_number
اشوف,show
القائمة,Menu
3,item_number
تشيكن,ItemName
سيزر,ItemName
الغاء,cancel
عنواني,address
اللغة,Language
الانجليزية,Language
ايه,late
الاوردر,order
2,item_number
مع,add
احذف,delete
الله,Gbu
عايزة,show
منيو,Menu
اغير,change
رقم,phone_number
الاوردر,order
رقم,phone_number
شوف,show
الاوردر,order
احذف,delete
العنوان,address
قائمة,Menu
العنوان,address
قبل,previous
اشوف,show
قبل,previous
تبديل,edit
رقم,phone_number
الموبايل,phone_number
كبير,itemSize
نظره,show
احدد,add
عنوان,address
اعرف,show
ايه,late
طلباتي,order
السابقة,previous
اشوف,show
الطلبات,order
القديمة,previous
شيل,edit
عنوان,address
البيت,address
المنيو,Menu
وريني,show
المنيو,Menu
الطلبات,order
عنوان,address
غير,change
رقم,phone_number
الجوال,phone_number
وريني,show
اوردراتي,order
السابقة,previous
اعرف,show
قديش,show
وقت,late
اغير,change
العنوان,address
الطلبات,order
ايه,late
الاوردر,order
اضيف,add
عنوان,address
البيت,address
الكارت,card
الاوردر,order
رقم,phone_number
اغير,change
لغة,Language
قائمة,Menu
الطعام,Menu
الاوردر,order
رقم,phone_number
الاوردر,order
تفرجيني,show
قائمة,Menu
الطلبات,order
السابقة,previous
ايه,late
وقت,late
الاوردر,order
عنوان,address
البيت,address
الاوردر,order
الاوردر,order
الهابي,ItemName
ميل,ItemName
منيو,Menu
الاوردر,order
كام,invoice
5,item_number
اغير,change
عنوان,address
البيت,address
لحد,late
دلوقتي,late
للحين,late
رقم,phone_number
احدث,update_data
عنواني,address
عنوان,address
قديش,show
وقت,late
الاوردر,order
غير,change
رقم,phone_number
تشيكن,ItemName
بيتزا,ItemName
عنوان,address
البيت,address
القائمة,Menu
صغيرة,itemSize
القائمة,Menu
3,item_number
اشوف,show
منيو,Menu
السندوتشات,ItemName
تعرضلي,show
منيو,Menu
احذف,delete
مع,add
اعرضلي,show
اعرف,show
الفاتورة,invoice
اشوف,show
منيو,Menu
تشيكن,ItemName
الاوردر,order
اد,late
ايه,late
منيو,Menu
3,item_number
بيتزا,ItemName
غير,change
اللغة,Language
العنوان,address
الاوردر,order
تغيرلي,change
عنوان,address
2,item_number
تفرجيني,show
الاوردر,order
عايزة,show
احذف,delete
عنوان,address
البيت,address
العنوان,address
مع,add
كام,invoice
الفاتورة,invoice
غير,change
رقم,phone_number
اضيف,add
شوف,show
البيتزا,ItemName
احذف,delete
المنيو,Menu
رقم,phone_number
غير,change
اوردر,order
الاوردر,order
3,item_number
بيتزا,ItemName
الاوردر,order
الغي,cancel
اغير,change
عنواني,address
ايه,late
اغير,change
العنوان,address
الاوردر,order
عنوان,address
البيت,address
غير,change
عنواني,address
اعرف,show
الاوردر,order
ايه,late
الاوردر,order
كبيرة,itemSize
عايزة,show
اوردر,order
اغير,change
اللغة,Language
الاوردر,order
قائمة,Menu
هاخد,show
3,item_number
ساندوتش,ItemName
عايزة,show
الغي,cancel
عنواني,address
عنواني,address
تعرضلي,show
طلبتها,order
عايزة,show
رقم,phone_number
الطلبات,order
الاوردر,order
الاوردر,order
2,item_number
تشيكن,ItemName
ساندوتش,ItemName
الاوردر,order
الاوردر,order
احذف,delete
تشيكن,ItemName
عنوان,address
البيت,address
اسجل,update_data
عنواني,address
تغيير,change
عنوان,address
البيت,address
الاوردر,order
دلوقتى,late
2,item_number
واحد,item_number
واحد,item_number
كبير,itemSize
العنوان,address
تغيير,change
بيتزا,ItemName
غير,change
قديش,show
ايه,late
3,item_number
سوبر,ItemName
سوبريم,ItemName
بيتزا,ItemName
غير,change
2,item_number
مع,add
كبير,itemSize
اغير,change
رقم,phone_number
الجوال,phone_number
الاوردر,order
اغير,change
العنوان,address
مع,add
اضيف,add
رقم,phone_number
مع,add
قائمة,Menu
اشوف,show
عنواني,address
رقم,phone_number
الموبايل,phone_number
تغيرلي,change
رقم,phone_number
الجوال,phone_number
عايزة,show
اوردر,order
رقم,phone_number
غير,change
احدث,update_data
العنوان,address
اشوف,show
قائمة,Menu
الطعام,Menu
2,item_number
ساندوتش,ItemName
تشيكن,ItemName
الاوردر,order
اشوف,show
الطلبات,order
اسجل,update_data
عنوان,address
مع,add
عنواني,address
العنوان,address
اضيف,add
ايه,late
اشوف,show
الاوردر,order
الاوردر,order
الاوردر,order
2,item_number
بيتزا,ItemName
احذف,delete
وقت,late
اد,late
ايه,late
5,item_number
الاوردرات,order
عايزة,show
الطلبات,order
اعرف,show
اغير,change
رقم,phone_number
مع,add
2,item_number
بيتزا,ItemName
كبيرة,itemSize
وريني,show
الاوردرات,order
طلبتها,order
قبل,previous
عايزة,show
احذف,delete
رقم,phone_number
الاوردر,order
مع,add
كبير,itemSize
رقم,phone_number
موبايلي,phone_number
تغير,change
عنوان,address
البيت,address
العنوان,address
الغي,cancel
عنواني,address
ايه,late
دلوقتي,late
الاوردر,order
اشوف,show
الطلبات,order
منيو,Menu
وريني,show
الطلبات,order
السابقة,previous
واحد,item_number
عنواني,address
امسح,delete
تبعتلي,show
الاوردر,order
مع,add
عايزة,show
اغير,change
اللغة,Language
تغيرلي,change
اللغة,Language
عايزة,show
اضيف,add
لحد,late
مع,add
طلبتها,order
كبير,itemSize
اشوف,show
قائمة,Menu
الطعام,Menu
الاوردر,order
عايزة,show
احدد,add
عنوان,address
تغيير,change
البيانات,update_data
غير,change
العنوان,address
تفرجيني,show
قبل,previous
2,item_number
مع,add
رقم,phone_number
رقم,phone_number
رقم,phone_number
اشوف,show
قبل,previous
اشوف,show
كبيرة,itemSize
عايزة,show
سلطة,ItemName
رقم,phone_number
البيت,address
اغير,change
عنوان,address
البيت,address
اشوف,show
قائمة,Menu
الطعام,Menu
اشوف,show
اتنين,item_number
غير,change
السابقة,previous
اشوف,show
الاوردرات,order
السابقة,previous
2,item_number
بيتزا,ItemName
كبير,itemSize
غير,change
الاوردر,order
ايه,late
غير,change
رقم,phone_number
الجوال,phone_number
اضيف,add
عنوان,address
البيت,address
3,item_number
احدد,add
عنواني,address
تعرضلي,show
قائمة,Menu
الطعام,Menu
المنيو,Menu
تشيكن,ItemName
تشيكن,ItemName
غير,change
رقم,phone_number
الموبايل,phone_number
الاوردر,order
اعرف,show
تشيكن,ItemName
مع,add
الاوردر,order
تغيير,change
اشوف,show
قبل,previous
منيو,Menu
اوردر,order
2,item_number
بيتزا,ItemName
سوبر,ItemName
سوبريم,ItemName
غير,change
اعرضلي,show
الطلبات,order
اغير,change
عنواني,address
الاوردر,order
رقم,phone_number
امسح,delete
العنوان,address
غير,change
اللغة,Language
شوف,show
المنيو,Menu
اسجل,update_data
عنواني,address
الاوردر,order
عنوان,address
البيت,address
ساندوتش,ItemName
شوف,show
المنيو,Menu
تغير,change
عنوان,address
البيت,address
اسجل,update_data
عنوان,address
البيت,address
اعرضلي,show
المنيو,Menu
منيو,Menu
الاطباق,Menu
اشوف,show
طلباتي,order
طلبتها,order
قبل,previous
قديش,show
وقت,late
الغي,cancel
عنواني,address
الاوردر,order
اشوف,show
الكارت,card
طلبتها,order
رقم,phone_number
للرقم,phone_number
اعرف,show
الاوردر,order
ايه,late
2,item_number
اعرف,show
الاوردر,order
فاضله,late
ايه,late
الطلبات,order
لحد,late
قائمة,Menu
تغيير,change
البيانات,update_data
الطلبات,order
اعرف,show
الاوردر,order
تغيير,change
رقم,phone_number
الجوال,phone_number
رقم,phone_number
الاشياء,order
رقم,phone_number
اضيف,add
العنوان,address
اسجل,update_data
عنوان,address
البيت,address
اعدل,edit
العنوان,address
الغي,cancel
عنوان,address
عنوان,address
العنوان,address
الاوردر,order
2,item_number
بيتزا,ItemName
احدث,update_data
البيانات,update_data
ايه,late
الاوردر,order
لحد,late
دلوقتى,late
اعرف,show
اسجل,update_data
بياناتي,update_data
الاوردر,order
عنوان,address
البيت,address
اعرف,show
منيو,Menu
اشوف,show
الفاتورة,invoice
شوف,show
الاوردر,order
3,item_number
وقت,late
اد,late
ايه,late
2,item_number
بيتزا,ItemName
مع,add
اعرف,show
ايه,late
اغير,change
اللغة,Language
3,item_number
بيتزا,ItemName
بدون,Exclude
عايزة,show
تشيكن,ItemName
احط,add
عنواني,address
الاطباق,Menu
مع,add
تفرجيني,show
القائمة,Menu
البيت,address
تعرضلي,show
الطعام,Menu
شوف,show
الطلبات,order
السابقة,previous
عنوان,address
البيت,address
تفرجيني,show
الاوردر,order
تبعتلي,show
الاوردرات,order
طلبتها,order
قبل,previous
شوف,show
الاوردرات,order
اعرضلي,show
وريني,show
قائمة,Menu
البيتزا,ItemName
ساندوتش,ItemName
عايزة,show
احذف,delete
عنواني,address
ايه,late
كام,invoice
اشوف,show
المنيو,Menu
امسح,delete
عنوان,address
شوف,show
الطعام,Menu
اعرف,show
الاوردر,order
ايه,late
قائمة,Menu
الطعام,Menu
عايزة,show
3,item_number
2,item_number
بيتزا,ItemName
قديش,show
وقت,late
اوردر,order
رقم,phone_number
الاوردر,order
وريني,show
الاوردر,order
الفاتورة,invoice
اغير,change
رقم,phone_number
موبايلي,phone_number
3,item_number
بدون,Exclude
غير,change
رقم,phone_number
الجوال,phone_number
العنوان,address
الطلبات,order
الفاتورة,invoice
هاخد,show
قبل,previous
شوف,show
القائمة,Menu
اروح,show
مع,add
الحجم,itemSize
ايه,late
قائمة,Menu
البيتزا,ItemName
للرقم,phone_number
عايزة,show
اضيف,add
عنوان,address
للحين,late
ماوصل,late
الاوردر,order
رقم,phone_number
الطلبات,order
الاوردر,order
السابقة,previous
رقم,phone_number
موبايلي,phone_number
رقم,phone_number
اشوف,show
الاوردر,order
ساندوتش,ItemName
كبير,itemSize
المنيو,Menu
اغير,change
اوردر,order
عايزة,show
امسح,delete
عنوان,address
البيت,address
اعرضلي,show
قبل,previous
عايزة,show
اسجل,update_data
عنوان,address
عايزة,show
اغير,change
البيانات,update_data
تغيير,change
العنوان,address
عنواني,address
ايه,late
قائمة,Menu
تغيير,change
البيانات,update_data
شوف,show
الطلبات,order
طلبتها,order
مع,add
الاوردر,order
رقم,phone_number
تبديل,edit
اللغة,Language
الغي,cancel
بيتزا,ItemName
5,item_number
عنواني,address
اعرف,show
الاوردر,order
المنيو,Menu
اشوف,show
طلباتي,order
قبل,previous
العنوان,address
الطلبات,order
2,item_number
وريني,show
عنواني,address
غير,change
رقم,phone_number
اشوف,show
الطلبات,order
العنوان,address
تشيكن,ItemName
كبير,itemSize
قائمة,Menu
الطعام,Menu
اغير,change
رقم,phone_number
موبايلي,phone_number
غير,change
رقم,phone_number
الاوردر,order
ايه,late
الاوردر,order
اشوف,show
قائمة,Menu
الطعام,Menu
قبل,previous
العنوان,address
غير,change
مع,add
قائمة,Menu
الطعام,Menu
اعرف,show
ايه,late
اشوف,show
اشوف,show
الاوردر,order
اضيف,add
رقم,phone_number
الاوردر,order
ايه,late
وقت,late
ايه,late
القائمة,Menu
شوف,show
منيو,Menu
البيتزا,ItemName
شوف,show
القائمة,Menu
شوف,show
منيو,Menu
الاوردر,order
طلباتي,order
السابقة,previous
الاوردر,order
تغير,change
عنوان,address
البيت,address
رقم,phone_number
رقم,phone_number
عايزة,show
الغي,cancel
العنوان,address
عنواني,address
اغير,change
اللغة,Language
القائمة,Menu
المنيو,Menu
اوردر,order
رقم,phone_number
ايه,late
عايزة,show
احدث,update_data
العنوان,address
اروح,show
اشوف,show
الاطباق,Menu
سبكترا,location
وريني,show
الاوردرات,order
السابقة,previous
عايزة,show
الغي,cancel
عنواني,address
الاوردر,order
رقم,phone_number
منيو,Menu
الاوردر,order
عنوان,address
البيت,address
احذف,delete
عنواني,address
الاوردر,order
الاوردر,order
ايه,late
3,item_number
الطلبات,order
الاوردر,order
عايزة,show
قائمة,Menu
البيانات,update_data
شوف,show
مع,add
رقم,phone_number
2,item_number
اعرف,show
الاوردر,order
شوف,show
المنيو,Menu
اعرضلي,show
سبكترا,location
البيتزا,ItemName
عايزة,show
احذف,delete
تغيير,change
اللغة,Language
الاوردر,order
عنوان,address
البيت,address
الاوردر,order
تغيرلي,change
عنواني,address
اوردر,order
ايه,late
عايزة,show
اغير,change
العنوان,address
غير,change
رقم,phone_number
اعرف,show
الاوردر,order
وقت,late
ايه,late
الانجليزية,Language
الغي,cancel
العنوان,address
الغي,cancel
عنوان,address
البيت,address
كام,invoice
اشوف,show
اوردر,order
غير,change
رقم,phone_number
الموبايل,phone_number
عنوان,address
المنيو,Menu
3,item_number
تشيكن,ItemName
كبير,itemSize
هاخد,show
2,item_number
بيتزا,ItemName
كبير,itemSize
مع,add
اللغة,Language
المنيو,Menu
اغير,change
رقم,phone_number
عايزة,show
اسجل,update_data
عنوان,address
تفرجيني,show
قائمة,Menu
الطعام,Menu
تطلعنى,show
شوف,show
قبل,previous
الكارت,card
القائمة,Menu
الطلبات,order
اد,late
ايه,late
عايزة,show
اشوف,show
الاوردر,order
ميل,ItemName
عايزة,show
الاوردر,order
اسجل,update_data
عنوان,address
الاوردر,order
فاضله,late
ايه,late
قائمة,Menu
الاوردرات,order
السابقة,previous
وقت,late
ايه,late
امسح,delete
عنواني,address
تغيرلي,change
القديمة,previous
للرقم,phone_number
العنوان,address
مع,add
اعرف,show
الاوردر,order
ايه,late
واحد,item_number
تشيكن,ItemName
شوف,show
المنيو,Menu
الغي,cancel
عنوان,address
البيت,address
عايزة,show
العنوان,address
عايزة,show
اعرف,show
كام,invoice
اشوف,show
الاوردرات,order
غير,change
رقم,phone_number
مع,add
الغي,cancel
ميل,ItemName
تشيكن,ItemName
مع,add
الاوردر,order
منيو,Menu
شوف,show
منيو,Menu
الاطباق,Menu
اشوف,show
الاوردرات,order
السابقة,previous
القائمة,Menu
ايه,late
عنوان,address
عايزة,show
اشوف,show
غير,change
عايزة,show
3,item_number
كام,invoice
العنوان,address
العنوان,address
ايه,late
عايزة,show
اغير,change
ايه,late
الاشياء,order
طلبتها,order
عنواني,address
عايزة,show
شوف,show
منيو,Menu
الاطباق,Menu
تفرجيني,show
طلبتها,order
ايه,late
المنيو,Menu
اعرف,show
الاوردر,order
لحد,late
الحجم,itemSize
عنوان,address
البيت,address
عايزة,show
شوف,show
قائمة,Menu
الطعام,Menu
منيو,Menu
المنيو,Menu
اشوف,show
الاوردر,order
الاوردر,order
ايه,late
رقم,phone_number
اوردر,order
حذف,delete
العنوان,address
عايزة,show
اعرف,show
الاوردر,order
فاضله,late
ايه,late
اوردر,order
بيتزا,ItemName
سوبر,ItemName
سوبريم,ItemName
ستافد,ItemName
كراست,ItemName
غير,change
بصل,Exclude
اعرف,show
قديش,show
وقت,late
عايزة,show
2,item_number
3,item_number
مع,add
رقم,phone_number
هاتفى,phone_number
اشوف,show
الطعام,Menu
الاوردر,order
عايزة,show
الغي,cancel
تبعتلي,show
قائمة,Menu
شوف,show
الاوردرات,order
السابقة,previous
رقم,phone_number
الجوال,phone_number
اضيف,add
2,item_number
غير,change
العنوان,address
مع,add
شوف,show
الاوردرات,order
طلبتها,order
قبل,previous
ايه,late
الفاتورة,invoice
امسح,delete
تشيكن,ItemName
ميل,ItemName
اشوف,show
اغير,change
رقم,phone_number
تغيير,change
اللغة,Language
الهابي,ItemName
ميل,ItemName
الاوردر,order
اشوف,show
المنيو,Menu
ساندوتش,ItemName
بدون,Exclude
لحد,late
احدث,update_data
العنوان,address
اعرف,show
الاوردر,order
ايه,late
اشوف,show
منيو,Menu
البيتزا,ItemName
الطلبات,order
اضيف,add
رقم,phone_number
الاوردر,order
ايه,late
الاوردر,order
رقم,phone_number
الموبايل,phone_number
الفاتورة,invoice
ايه,late
عايزة,show
اشوف,show
عنواني,address
مع,add
عنوان,address
سلطة,ItemName
عايزة,show
اعرف,show
كام,invoice
تغيير,change
البيانات,update_data
رقم,phone_number
مع,add
اشوف,show
القائمة,Menu
شوف,show
قديش,show
اسجل,update_data
عنوان,address
البيت,address
احدث,update_data
العنوان,address
3,item_number
تشيكن,ItemName
العنوان,address
تشيكن,ItemName
ميل,ItemName
اشوف,show
طلبتها,order
تفرجيني,show
مع,add
غير,change
ايه,late
الفاتورة,invoice
تعرضلي,show
اشوف,show
المنيو,Menu
الاوردر,order
بياناتي,update_data
عنوان,address
البيت,address
الاوردر,order
احذف,delete
العنوان,address
العنوان,address
احدث,update_data
سلطة,ItemName
بدون,Exclude
بصل,Exclude
العنوان,address
نظره,show
الاوردرات,order
عنوان,address
القائمة,Menu
عايزة,show
العنوان,address
مع,add
عنوان,address
الاوردرات,order
السابقة,previous
اغير,change
عنواني,address
رقم,phone_number
موبايلي,phone_number
قائمة,Menu
تغيير,change
البيانات,update_data
اشوف,show
الكارت,card
احذف,delete
العنوان,address
عنوان,address
الطلبات,order
ايه,late
شوف,show
الطلبات,order
طلبتها,order
قبل,previous
اضيف,add
الاطباق,Menu
تضيفلي,add
بيتزا,ItemName
تشيكن,ItemName
اشوف,show
منيو,Menu
حذف,delete
احذف,delete
اشوف,show
قبل,previous
عنوان,address
البيت,address
غير,change
رقم,phone_number
اعرضلي,show
الاوردر,order
اضيف,add
العنوان,address
احذف,delete
العنوان,address
الغي,cancel
العنوان,address
اشوف,show
قائمة,Menu
الطعام,Menu
الاوردر,order
الطلبات,order
عايزة,show
اغير,change
ساندوتش,ItemName
كبير,itemSize
الله,Gbu
الاوردر,order
فاضله,late
ايه,late
الاوردر,order
مع,add
اغير,change
رقم,phone_number
تبعتلي,show
القائمة,Menu
الحجم,itemSize
الكبير,itemSize
الاوردر,order
2,item_number
اشوف,show
الكارت,card
اعدل,edit
رقم,phone_number
اعرضلي,show
اعرف,show
العنوان,address
عايزة,show
واحد,item_number
رقم,phone_number
الموبايل,phone_number
الفاتورة,invoice
عايزة,show
اعرف,show
اوردر,order
العنوان,address
الطلبات,order
السابقة,previous
الاوردر,order
كام,invoice
قائمة,Menu
الطعام,Menu
3,item_number
ساندوتش,ItemName
كبير,itemSize
اشوف,show
الكارت,card
الاوردر,order
دلوقتي,late
اعرف,show
قديش,show
وقت,late
رقم,phone_number
مع,add
عايزة,show
2,item_number
مع,add
اشوف,show
المنيو,Menu
منيو,Menu
2,item_number
شوف,show
احذف,delete
الاوردر,order
عايزة,show
اشوف,show
الكارت,card
اوردر,order
عايزة,show
احدث,update_data
البيانات,update_data
اشوف,show
المنيو,Menu
عايزة,show
اضيف,add
عنوان,address
عايزة,show
امسح,delete
عنوان,address
البيت,address
شوف,show
رقم,phone_number
للرقم,phone_number
ايه,late
غير,change
رقم,phone_number
ساندوتش,ItemName
وريني,show
الاوردرات,order
القديمة,previous
عنوان,address
البيت,address
الاوردر,order
غير,change
بياناتي,update_data
شوف,show
منيو,Menu
طلبتها,order
شيل,edit
عنوان,address
البيت,address
عطيني,show
قائمة,Menu
الطعام,Menu
عايزة,show
اعدل,edit
رقم,phone_number
الاوردر,order
الطلبات,order
الاوردر,order
3,item_number
العنوان,address
عنواني,address
الفاتورة,invoice
الطلبات,order
عايزة,show
ميل,ItemName
الطلبات,order
السابقة,previous
تفرجيني,show
قائمة,Menu
الطلبات,order
السابقة,previous
اسجل,update_data
العنوان,address
اسجل,update_data
عنوان,address
اغير,change
رقم,phone_number
الموبايل,phone_number
للرقم,phone_number
ايه,late
شوف,show
الاوردرات,order
طلبتها,order
قبل,previous
منيو,Menu
اغير,change
العنوان,address
رقم,phone_number
موبايلي,phone_number
عايزة,show
اغير,change
عنوان,address
الفاتورة,invoice
احذف,delete
العنوان,address
عايزة,show
اشوف,show
منيو,Menu
قائمة,Menu
تغيير,change
البيانات,update_data
غير,change
رقم,phone_number
الموبايل,phone_number
رقم,phone_number
الجوال,phone_number
رقم,phone_number
موبايلي,phone_number
رقم,phone_number
الجوال,phone_number
العنوان,address
بيتزا,ItemName
سوبر,ItemName
سوبريم,ItemName
كبير,itemSize
مع,add
الطلبات,order
مع,add
الغي,cancel
عنواني,address
تغيير,change
البيانات,update_data
ميل,ItemName
اسجل,update_data
عنوان,address
غير,change
العنوان,address
عايزة,show
عايزة,show
منيو,Menu
البيت,address
البيت,address
عنوان,address
غير,change
اشوف,show
اشوف,show
تعرضلي,show
المنيو,Menu
رقم,phone_number
كام,invoice
العنوان,address
اعدل,edit
عنواني,address
اغير,change
رقم,phone_number
الموبايل,phone_number
المنيو,Menu
اشوف,show
المنيو,Menu
الاوردر,order
هاخد,show
البيانات,update_data
احذف,delete
عنوان,address
البيت,address
الفاتورة,invoice
كام,invoice
عايزة,show
عنواني,address
تغيير,change
العنوان,address
الاوردر,order
فاضله,late
ايه,late
3,item_number
احط,add
رقم,phone_number
البيت,address
اسجل,update_data
رقم,phone_number
الموبايل,phone_number
العنوان,address
شوف,show
الطعام,Menu
الفاتورة,invoice
اتنين,item_number
كبير,itemSize
الطلبات,order
الاوردر,order
عايزة,show
مع,add
مع,add
اشوف,show
الطلبات,order
اضيف,add
عنوان,address
عطيني,show
الفاتورة,invoice
اضيف,add
عنوان,address
اشوف,show
الاوردر,order
مع,add
2,item_number
مع,add
كبير,itemSize
عايزة,show
تشيكن,ItemName
ميل,ItemName
رقم,phone_number
3,item_number
امسح,delete
2,item_number
واحد,item_number
واحد,item_number
كبير,itemSize
رقم,phone_number
موبايلي,phone_number
اعدل,edit
العنوان,address
بيتزا,ItemName
سوبر,ItemName
سوبريم,ItemName
وريني,show
الطلبات,order
كبير,itemSize
طحينه,ingredients
غير,change
شوف,show
الكارت,card
اغير,change
اللغة,Language
الاوردر,order
5,item_number
ساندوتش,ItemName
مع,add
2,item_number
اغير,change
عنوان,address
الطلبات,order
ايه,late
الاوردر,order
غير,change
عنوان,address
عايزة,show
اشوف,show
اوردراتي,order
عايزة,show
بيتزا,ItemName
كبير,itemSize
تفرجيني,show
تغيير,change
البيانات,update_data
اللغة,Language
شيل,edit
عنوان,address
البيت,address
مع,add
3,item_number
بيتزا,ItemName
كبير,itemSize
بصل,Exclude
عنواني,address
وقت,late
عايزة,show
عنوان,address
البيت,address
الاوردر,order
عنوان,address
احذف,delete
العنوان,address
احذف,delete
العنوان,address
اشوف,show
منيو,Menu
مع,add
تعرضلي,show
ايه,late
اللغة,Language
الانجليزية,Language
هاخد,show
3,item_number
بيتزا,ItemName
كبير,itemSize
الاوردر,order
قائمة,Menu
تغيير,change
البيانات,update_data
عنواني,address
3,item_number
بصل,Exclude
اغير,change
العنوان,address
مع,add
سلطة,ItemName
الغي,cancel
عنواني,address
الاوردر,order
تبعتلي,show
منيو,Menu
مع,add
قائمة,Menu
منيو,Menu
غير,change
العنوان,address
عنوان,address
الاطباق,Menu
مع,add
دلوقتي,late
تفرجيني,show
قائمة,Menu
الاوردرات,order
السابقة,previous
عايزة,show
اشوف,show
الاوردرات,order
اضيف,add
عنوان,address
البيت,address
كبير,itemSize
عايزة,show
للرقم,phone_number
عنوان,address
عايزة,show
اشوف,show
قبل,previous
اشوف,show
منيو,Menu
اعرضلي,show
الاوردر,order
بيتزا,ItemName
كبير,itemSize
بدون,Exclude
مع,add
اشوف,show
اشوف,show
الاوردر,order
اعرضلي,show
عايزة,show
اعرضلي,show
السابقة,previous
رقم,phone_number
الموبايل,phone_number
وريني,show
قبل,previous
ايه,late
المنيو,Menu
وريني,show
الطلبات,order
اشوف,show
الطلبات,order
العنوان,address
اشوف,show
قبل,previous
العنوان,address
الاوردر,order
عايزة,show
الاوردر,order
تعرضلي,show
الطلبات,order
شوف,show
الاوردر,order
امسح,delete
عنواني,address
عايزة,show
احدد,add
عنوان,address
اشوف,show
الطلبات,order
السابقة,previous
للرقم,phone_number
القائمة,Menu
غير,change
رقم,phone_number
اشوف,show
الكارت,card
احذف,delete
قبل,previous
تبعتلي,show
بياناتي,update_data
تغيير,change
البيانات,update_data
ساندوتش,ItemName
اغير,change
رقم,phone_number
موبايلي,phone_number
العنوان,address
شوف,show
المنيو,Menu
الاوردر,order
قديش,show
وقت,late
الاوردر,order
قائمة,Menu
الطعام,Menu
ايه,late
الاوردرات,order
المنيو,Menu
عايزة,show
اضيف,add
عنوان,address
عايزة,show
اسجل,update_data
عنوان,address
البيت,address
اغير,change
عنوان,address
البيت,address
غير,change
عنوان,address
البيت,address
اغير,change
رقم,phone_number
الجوال,phone_number
ميل,ItemName
تشيكن,ItemName
اغير,change
رقم,phone_number
للرقم,phone_number
3,item_number
بيتزا,ItemName
3,item_number
بصل,Exclude
رقم,phone_number
عنوان,address
البيت,address
تفرجيني,show
المنيو,Menu
اعرضلي,show
الكارت,card
امسح,delete
عنوان,address
البيت,address
رقم,phone_number
اشوف,show
الاوردرات,order
طلبتها,order
قبل,previous
اشوف,show
ايه,late
مع,add
الاوردر,order
رقم,phone_number
للحين,late
شوف,show
اعرضلي,show
اسجل,update_data
عنواني,address
تفرجيني,show
3,item_number
كبير,itemSize
اعرف,show
الاوردر,order
وقت,late
اد,late
ايه,late
تغيير,change
الموبايل,phone_number
هاخد,show
كبير,itemSize
عنواني,address
اشوف,show
عايزة,show
ساندوتش,ItemName
شوف,show
الطلبات,order
السابقة,previous
امسح,delete
طلباتي,order
طلبتها,order
تغيير,change
البيانات,update_data
ايه,late
عايزة,show
القائمة,Menu
بدون,Exclude
الاوردر,order
اعرضلي,show
الاوردر,order
رقم,phone_number
رقم,phone_number
للرقم,phone_number
اضيف,add
رقم,phone_number
اغير,change
للرقم,phone_number
الفاتورة,invoice
منيو,Menu
رقم,phone_number
الجوال,phone_number
سلطة,ItemName
اوردر,order
ايه,late
دلوقتي,late
وريني,show
اشوف,show
الطلبات,order
السابقة,previous
عايزة,show
شوف,show
العنوان,address
العنوان,address
للرقم,phone_number
البيانات,update_data
اغير,change
رقم,phone_number
للرقم,phone_number
عنوان,address
2,item_number
بيتزا,ItemName
تشيكن,ItemName
سوبريم,ItemName
بصل,Exclude
تفرجيني,show
الفاتورة,invoice
شوف,show
الاوردرات,order
طلبتها,order
عنواني,address
الاوردر,order
العنوان,address
اغير,change
رقم,phone_number
الجوال,phone_number
عايزة,show
اشوف,show
قديش,show
قائمة,Menu
الطعام,Menu
الكارت,card
تشيكن,ItemName
ميل,ItemName
الاوردر,order
ايه,late
احذف,delete
العنوان,address
الاوردر,order
الطعام,Menu
2,item_number
بيتزا,ItemName
عايزة,show
منيو,Menu
تغيير,change
البيانات,update_data
شوف,show
المنيو,Menu
تشيكن,ItemName
مع,add
ايه,late
تشيكن,ItemName
اضيف,add
عنوان,address
تعرضلي,show
منيو,Menu
شوف,show
المنيو,Menu
شوف,show
السندوتشات,ItemName
امسح,delete
الطلبات,order
القديمة,previous
شوف,show
الاوردرات,order
شوف,show
الغاء,cancel
العنوان,address
عنواني,address
اعرف,show
ايه,late
الطلبات,order
الطلبات,order
كبير,itemSize
مع,add
عايزة,show
الغي,cancel
العنوان,address
هاخد,show
3,item_number
بيتزا,ItemName
سوبر,ItemName
سوبريم,ItemName
مع,add
العنوان,address
الفاتورة,invoice
اشوف,show
رقم,phone_number
الجوال,phone_number
3,item_number
كبير,itemSize
العنوان,address
اشوف,show
المنيو,Menu
البيانات,update_data
المنيو,Menu
كبير,itemSize
غير,change
مع,add
تعرضلي,show
المنيو,Menu
2,item_number
ساندوتش,ItemName
تغيير,change
البيانات,update_data
وريني,show
المنيو,Menu
رقم,phone_number
غير,change
رقم,phone_number
كبيرة,itemSize
الكارت,card
عنواني,address
مع,add
اغير,change
شوف,show
المنيو,Menu
رقم,phone_number
رقم,phone_number
كبير,itemSize
الاوردر,order
2,item_number
بيتزا,ItemName
عايزة,show
اغير,change
اعرضلي,show
منيو,Menu
بيتزا,ItemName
عايزة,show
قائمة,Menu
البيانات,update_data
نظره,show
طلبتها,order
3,item_number
بصل,Exclude
غير,change
طحينه,ingredients
تفرجيني,show
الطعام,Menu
الاوردر,order
الاوردر,order
عايزة,show
شوف,show
طلبتها,order
عايزة,show
احذف,delete
الاوردر,order
رقم,phone_number
هاتفى,phone_number
للرقم,phone_number
عايزة,show
العنوان,address
غير,change
عايزة,show
اغير,change
عنوان,address
3,item_number
ساندوتش,ItemName
شيل,edit
رقم,phone_number
العنوان,address
عنوان,address
البيت,address
القائمة,Menu
2,item_number
بيتزا,ItemName
الطلبات,order
ايه,late
اضيف,add
عنواني,address
ايه,late
الاوردر,order
اعرف,show
الاوردر,order
شوف,show
الكارت,card
غير,change
قبل,previous
مع,add
ايه,late
المنيو,Menu
عنواني,address
الغي,cancel
تشيكن,ItemName
الغي,cancel
العنوان,address
الاوردرات,order
القديمة,previous
مع,add
المنيو,Menu
الطلبات,order
اد,late
ايه,late
البيانات,update_data
عايزة,show
اعرف,show
ايه,late
مع,add
اغير,change
شوف,show
الطعام,Menu
غير,change
رقم,phone_number
للرقم,phone_number
اعرضلي,show
قائمة,Menu
الطعام,Menu
الغي,cancel
العنوان,address
اغير,change
رقم,phone_number
المنيو,Menu
كام,invoice
احذف,delete
العنوان,address
عايزة,show
عايزة,show
اغير,change
للرقم,phone_number
غير,change
رقم,phone_number
الموبايل,phone_number
مع,add
سلطة,ItemName
مع,add
الاوردر,order
اتنين,item_number
ساندوتش,ItemName
الطلبات,order
قائمة,Menu
تغيير,change
البيانات,update_data
مع,add
ايه,late
3,item_number
تشيكن,ItemName
بصل,Exclude
عايزة,show
رقم,phone_number
اضيف,add
عنواني,address
اشوف,show
القائمة,Menu
تبديل,edit
لغة,Language
اشوف,show
الطلبات,order
القديمة,previous
البيانات,update_data
مع,add
قبل,previous
عايزة,show
الاوردرات,order
السابقة,previous
عايزة,show
الاوردر,order
وريني,show
الاوردر,order
اعرف,show
الطلبات,order
اضيف,add
عنوان,address
البيت,address
اضيف,add
عنواني,address
ايه,late
3,item_number
بصل,Exclude
مع,add
موبايلي,phone_number
بيتزا,ItemName
صغيرة,itemSize
تبعتلي,show
الاوردر,order
ايه,late
مع,add
واحد,item_number
الغي,cancel
الغي,cancel
مع,add
احذف,delete
تشيكن,ItemName
قائمة,Menu
الطعام,Menu
تغيير,change
البيانات,update_data
رقم,phone_number
الجوال,phone_number
2,item_number
مع,add
سلطة,ItemName
منيو,Menu
عايزة,show
اغير,change
اغير,change
العنوان,address
3,item_number
رقم,phone_number
الانجليزية,Language
غير,change
بياناتي,update_data
السابقة,previous
اغير,change
رقم,phone_number
الموبايل,phone_number
امسح,delete
سوبريم,ItemName
عنواني,address
رقم,phone_number
اسجل,update_data
عنوان,address
عايزة,show
ساندوتش,ItemName
امسح,delete
العنوان,address
الاوردرات,order
السابقة,previous
حذف,delete
وريني,show
الاوردر,order
عنوان,address
القائمة,Menu
الاوردر,order
ايه,late
اغير,change
رقم,phone_number
للرقم,phone_number
تبديل,edit
رقم,phone_number
2,item_number
ساندوتش,ItemName
ايه,late
عايزة,show
اغير,change
عنواني,address
سلطة,ItemName
كبير,itemSize
3,item_number
مع,add
بدون,Exclude
الطلبات,order
ايه,late
مع,add
الاوردر,order
ايه,late
شوف,show
الاوردر,order
عايزة,show
احط,add
العنوان,address
الطلبات,order
اغير,change
رقم,phone_number
الجوال,phone_number
عايزة,show
اشوف,show
غير,change
رقم,phone_number
الجوال,phone_number
الاوردر,order
ايه,late
عايزة,show
القائمة,Menu
السابقة,previous
الاوردر,order
الغي,cancel
عنوان,address
البيت,address
اشوف,show
قبل,previous
الاوردر,order
اضيف,add
عنوان,address
احدد,add
سلطة,ItemName
كبير,itemSize
العنوان,address
ايه,late
تغيير,change
الموبايل,phone_number
الاوردر,order
رقم,phone_number
حسابى,invoice
اشوف,show
المنيو,Menu
الغي,cancel
الاوردر,order
عايزة,show
الغي,cancel
عنوان,address
البيت,address
احذف,delete
العنوان,address
العنوان,address
الاوردر,order
الطلبات,order
غير,change
اشوف,show
منيو,Menu
امسح,delete
الاوردر,order
اد,late
ايه,late
رقم,phone_number
الموبايل,phone_number
شوف,show
المنيو,Menu
عطيني,show
قائمة,Menu
تغيير,change
البيانات,update_data
عايزة,show
اسجل,update_data
عنوان,address
البيت,address
العنوان,address
رقم,phone_number
الموبايل,phone_number
اشوف,show
الاوردر,order
مع,add
عايزة,show
لغة,Language
عايزة,show
منيو,Menu
ساندوتش,ItemName
الاوردر,order
اشوف,show
الكارت,card
شوف,show
الكارت,card
كبير,itemSize
غير,change
بصل,Exclude
طحينه,ingredients
اغير,change
الاوردر,order
هاخد,show
عايزة,show
اشوف,show
الكارت,card
اغير,change
رقم,phone_number
تغيير,change
عنوان,address
الكارت,card
الغي,cancel
عنواني,address
اعرف,show
الاوردر,order
عنوان,address
اشوف,show
اشوف,show
الاوردر,order
عنواني,address
امسح,delete
اغير,change
رقم,phone_number
للرقم,phone_number
تضيفلي,add
الطعام,Menu
عايزة,show
عنوان,address
الاوردر,order
تطلعنى,show
عايزة,show
اضيف,add
عنواني,address
شوف,show
الطلبات,order
السابقة,previous
الاوردر,order
عايزة,show
اغير,change
بياناتي,update_data
احذف,delete
اعرف,show
الفاتورة,invoice
اعدل,edit
عنواني,address
الفاتورة,invoice
رقم,phone_number
هاتفى,phone_number
للرقم,phone_number
اعرضلي,show
طلبتها,order
اضيف,add
الاوردر,order
تفرجيني,show
الطعام,Menu
قبل,previous
اعرضلي,show
3,item_number
بيتزا,ItemName
2,item_number
بيتزا,ItemName
احط,add
العنوان,address
عايزة,show
شوف,show
المنيو,Menu
اضيف,add
شوف,show
منيو,Menu
عايزة,show
3,item_number
بيتزا,ItemName
شوف,show
الكارت,card
الاوردرات,order
اضيف,add
عنوان,address
الغي,cancel
عنواني,address
تفرجيني,show
طلبتها,order
قائمة,Menu
الطعام,Menu
تغيير,change
البيانات,update_data
اضيف,add
عنوان,address
الاوردر,order
تبعتلي,show
الطلبات,order
منيو,Menu
عايزة,show
اضيف,add
عنوان,address
البيت,address
عايزة,show
اسجل,update_data
عنوان,address
الاوردر,order
شوف,show
منيو,Menu
اغير,change
رقم,phone_number
عنواني,address
السابقة,previous
عنوان,address
عايزة,show
المنيو,Menu
اشوف,show
قائمة,Menu
الطعام,Menu
البيانات,update_data
شوف,show
المنيو,Menu
الاوردر,order
رقم,phone_number
لحد,late
العنوان,address
اعرضلي,show
الكارت,card
غير,change
رقم,phone_number
للرقم,phone_number
اشوف,show
الاوردر,order
احدث,update_data
عنواني,address
العنوان,address
شوف,show
الطلبات,order
السابقة,previous
عطيني,show
الطلبات,order
طلبتها,order
قبل,previous
الغي,cancel
الاوردر,order
تشيكن,ItemName
العنوان,address
عنوان,address
البيت,address
الاوردر,order
رقم,phone_number
عايزة,show
اعرف,show
كام,invoice
شوف,show
قائمة,Menu
الطعام,Menu
3,item_number
كبير,itemSize
ساندوتش,ItemName
تشيكن,ItemName
اشوف,show
حسابى,invoice
وقت,late
نظره,show
الاوردرات,order
اضيف,add
عنوان,address
الاوردر,order
2,item_number
تشيكن,ItemName
الاوردر,order
اعرضلي,show
منيو,Menu
سبكترا,location
اعرف,show
قديش,show
وقت,late
الاوردر,order
اضيف,add
تفرجيني,show
قبل,previous
اعرضلي,show
الاوردر,order
احذف,delete
العنوان,address
عنواني,address
كام,invoice
اشوف,show
منيو,Menu
عايزة,show
الطلبات,order
عنوان,address
الفاتورة,invoice
احذف,delete
ايه,late
عايزة,show
اتنين,item_number
تغيير,change
البيانات,update_data
اغير,change
عايزة,show
2,item_number
بيتزا,ItemName
تشيكن,ItemName
كبير,itemSize
الغي,cancel
عنواني,address
وقت,late
الاوردر,order
مجاش,late
عايزة,show
احط,add
عنواني,address
اشوف,show
الاوردر,order
تفرجيني,show
المنيو,Menu
احدث,update_data
رقم,phone_number
الموبايل,phone_number
قائمة,Menu
تغيير,change
البيانات,update_data
مع,add
ساندوتش,ItemName
عنوان,address
البيت,address
تبديل,edit
الاوردر,order
رقم,phone_number
الجوال,phone_number
رقم,phone_number
غير,change
رقم,phone_number
العنوان,address
اشوف,show
الطلبات,order
الهابي,ItemName
ميل,ItemName
غير,change
العنوان,address
كبير,itemSize
عايزة,show
اشوف,show
الاوردر,order
ماوصل,late
2,item_number
مع,add
الفاتورة,invoice
بيتزا,ItemName
عايزة,show
احذف,delete
مع,add
الاوردر,order
للرقم,phone_number
اسجل,update_data
عنوان,address
عنواني,address
شوف,show
الكارت,card
العنوان,address
اضيف,add
العنوان,address
تبعتلي,show
قائمة,Menu
غير,change
البيانات,update_data
عنوان,address
البيت,address
اشوف,show
الاوردر,order
رقم,phone_number
اعرضلي,show
طلباتي,order
ايه,late
الاوردر,order
شوف,show
منيو,Menu
ساندوتش,ItemName
اشوف,show
الكارت,card
الاوردر,order
الحجم,itemSize
الغي,cancel
تشيكن,ItemName
الاوردر,order
رقم,phone_number
الاوردر,order
اضيف,add
العنوان,address
عنوان,address
البيت,address
الاوردر,order
اللغة,Language
الانجليزية,Language
عنوان,address
احذف,delete
الطلبات,order
السابقة,previous
مع,add
كبير,itemSize
هاخد,show
مع,add
غير,change
العنوان,address
عايزة,show
اغير,change
احذف,delete
رقم,phone_number
هاتفى,phone_number
الجوال,phone_number
الاوردر,order
مجاش,late
لحد,late
دلوقتى,late
ايه,late
تغيير,change
البيانات,update_data
الاوردر,order
اشوف,show
الاوردرات,order
طلبتها,order
قبل,previous
اشوف,show
منيو,Menu
اغير,change
رقم,phone_number
الموبايل,phone_number
قائمة,Menu
البيانات,update_data
اشوف,show
الاوردر,order
اعدل,edit
رقم,phone_number
هاتفى,phone_number
للرقم,phone_number
احط,add
رقم,phone_number
البيانات,update_data
الاوردرات,order
السابقة,previous
الكارت,card
تشيكن,ItemName
ساندوتش,ItemName
قائمة,Menu
اوردر,order
ميل,ItemName
منيو,Menu
الاطباق,Menu
اللغة,Language
ايه,late
رقم,phone_number
الاوردر,order
العنوان,address
عايزة,show
الطلبات,order
2,item_number
اروح,show
العنوان,address
اتنين,item_number
الحجم,itemSize
الكبير,itemSize
قائمة,Menu
اوردر,order
الغي,cancel
اشوف,show
طلبتها,order
مع,add
عايزة,show
عنوان,address
البيت,address
3,item_number
بيتزا,ItemName
كبير,itemSize
العنوان,address
عايزة,show
اشوف,show
الكارت,card
مع,add
اوردر,order
اشوف,show
الاوردرات,order
عايزة,show
احذف,delete
اعرف,show
الاوردر,order
اشوف,show
منيو,Menu
قديش,show
الكارت,card
منيو,Menu
اشوف,show
الطلبات,order
السابقة,previous
كبير,itemSize
شوف,show
منيو,Menu
اوردراتي,order
السابقة,previous
تفرجيني,show
قائمة,Menu
الطعام,Menu
2,item_number
ساندوتش,ItemName
الكارت,card
احذف,delete
وريني,show
رقم,phone_number
للرقم,phone_number
ايه,late
امسح,delete
العنوان,address
احذف,delete
عنوان,address
البيت,address
الاوردر,order
الاوردر,order
شوف,show
منيو,Menu
العنوان,address
اعرف,show
ايه,late
الاوردر,order
اعدل,edit
عايزة,show
اضيف,add
وقت,late
اد,late
ايه,late
الاوردر,order
اعرضلي,show
الاوردرات,order
القديمة,previous
تبديل,edit
2,item_number
تشيكن,ItemName
سيزر,ItemName
الحجم,itemSize
عنواني,address
عايزة,show
الاوردر,order
لحد,late
كبير,itemSize
رقم,phone_number
للحين,late
منيو,Menu
منيو,Menu
هاخد,show
3,item_number
سلطة,ItemName
كبيرة,itemSize
مع,add
اشوف,show
اوردراتي,order
عنوان,address
البيت,address
الاوردر,order
اضيف,add
العنوان,address
القائمة,Menu
شوف,show
الاوردرات,order
السابقة,previous
كبير,itemSize
اللغة,Language
الانجليزية,Language
اشوف,show
الاوردرات,order
ماوصل,late
الغي,cancel
العنوان,address
احدث,update_data
العنوان,address
عايزة,show
الاوردر,order
ميل,ItemName
كبير,itemSize
غير,change
البيانات,update_data
2,item_number
سلطة,ItemName
كبيرة,itemSize
بدون,Exclude
اشوف,show
الكارت,card
ماوصل,late
مع,add
رقم,phone_number
اد,late
ايه,late
العنوان,address
اتنين,item_number
بصل,Exclude
اعرف,show
اشوف,show
قائمة,Menu
الطعام,Menu
اعرف,show
الفاتورة,invoice
تفرجيني,show
الطعام,Menu
اغير,change
اللغة,Language
عايزة,show
كام,invoice
عايزة,show
اعرف,show
الاوردر,order
وقت,late
ايه,late
عايزة,show
قائمة,Menu
تغيير,change
البيانات,update_data
اللغة,Language
الانجليزية,Language
عايزة,show
اشوف,show
الطلبات,order
شوف,show
بيتزا,ItemName
مع,add
مع,add
الاوردر,order
عايزة,show
رقم,phone_number
اللغة,Language
شوف,show
المنيو,Menu
العنوان,address
العنوان,address
تشيكن,ItemName
ساندوتش,ItemName
وريني,show
طلباتي,order
السابقة,previous
غير,change
لغة,Language
عايزة,show
الحجم,itemSize
الكبير,itemSize
اشوف,show
الاوردر,order
عنوان,address
البيت,address
اغير,change
اضيف,add
اغير,change
رقم,phone_number
اعرف,show
اشوف,show
منيو,Menu
نظره,show
عايزة,show
قبل,previous
قائمة,Menu
تغيير,change
البيانات,update_data
تفرجيني,show
الاوردرات,order
السابقة,previous
المنيو,Menu
اغير,change
رقم,phone_number
المنيو,Menu
اسجل,update_data
عنواني,address
عايزة,show
الغي,cancel
العنوان,address
الكارت,card
بدون,Exclude
اعرف,show
اوردر,order
اشوف,show
منيو,Menu
سوبريم,ItemName
تبعتلي,show
الطعام,Menu
2,item_number
وريني,show
الاوردرات,order
القديمة,previous
اسجل,update_data
عنواني,address
اسجل,update_data
عنوان,address
عايزة,show
عنوان,address
البيت,address
عايزة,show
اضيف,add
الغي,cancel
الاشياء,order
طلبتها,order
اعرضلي,show
منيو,Menu
غير,change
رقم,phone_number
الموبايل,phone_number
شوف,show
الاوردر,order
عايزة,show
امسح,delete
تشيكن,ItemName
ميل,ItemName
رقم,phone_number
اشوف,show
قائمة,Menu
الطعام,Menu
اغير,change
رقم,phone_number
الموبايل,phone_number
الحجم,itemSize
تغيير,change
رقم,phone_number
الجوال,phone_number
شوف,show
منيو,Menu
تبديل,edit
رقم,phone_number
اوردر,order
بياناتي,update_data
الغي,cancel
كام,invoice
شوف,show
الطلبات,order
طلبتها,order
رقم,phone_number
عنوان,address
البيت,address
غير,change
رقم,phone_number
3,item_number
مع,add
اشوف,show
الكارت,card
مع,add
عنوان,address
وريني,show
الاوردر,order
العنوان,address
الغي,cancel
البيانات,update_data
2,item_number
مع,add
مع,add
رقم,phone_number
غير,change
البيانات,update_data
ساندوتش,ItemName
دلوقتي,late
عايزة,show
اضيف,add
رقم,phone_number
ايه,late
اشوف,show
الاوردر,order
عايزة,show
احدث,update_data
عنوان,address
البيت,address
عايزة,show
اعدل,edit
عايزة,show
اشوف,show
الطلبات,order
القديمة,previous
عايزة,show
اشوف,show
الاوردر,order
دلوقتي,late
اضيف,add
رقم,phone_number
اشوف,show
اعدل,edit
رقم,phone_number
الاوردر,order
5,item_number
كبير,itemSize
كبيرة,itemSize
تفرجيني,show
الفاتورة,invoice
غير,change
الاوردر,order
بيتزا,ItemName
اعرضلي,show
الاوردر,order
رقم,phone_number
للرقم,phone_number
للرقم,phone_number
هاخد,show
2,item_number
بيتزا,ItemName
عايزة,show
قائمة,Menu
البيانات,update_data
الاوردر,order
اعرف,show
الاوردر,order
2,item_number
للرقم,phone_number
قائمة,Menu
الطعام,Menu
عنوان,address
الغي,cancel
عنوان,address
البيت,address
عايزة,show
اللغة,Language
الانجليزية,Language
الفاتورة,invoice
كام,invoice
اغير,change
اللغة,Language
3,item_number
تشيكن,ItemName
العنوان,address
مع,add
عنوان,address
البيت,address
قائمة,Menu
البيانات,update_data
الطلبات,order
عايزة,show
اغير,change
اد,late
ايه,late
الاوردر,order
المنيو,Menu
اضيف,add
عنواني,address
اروح,show
القائمة,Menu
عايزة,show
الاوردر,order
رقم,phone_number
اشوف,show
اوردراتي,order
احط,add
عنواني,address
الطلبات,order
السابقة,previous
شوف,show
الكارت,card
مع,add
صغيرة,itemSize
الغي,cancel
عنواني,address
احذف,delete
تغيير,change
2,item_number
ساندوتش,ItemName
تشيكن,ItemName
اسجل,update_data
عنواني,address
اشوف,show
القائمة,Menu
مع,add
غير,change
اعرضلي,show
الاوردر,order
منيو,Menu
احذف,delete
عنوان,address
البيت,address
اوردر,order
عنوان,address
ايه,late
المنيو,Menu
اغير,change
عنواني,address
كام,invoice
الغي,cancel
العنوان,address
عايزة,show
مع,add
الاوردر,order
3,item_number
تغيرلي,change
حذف,delete
الجوال,phone_number
وقت,late
